datetime,count_predicted
05-06-2012 5:00,23.909331832956745
19-03-2011 19:00,130.93725234649705
02-04-2012 6:00,83.6861891671964
13-07-2012 20:00,571.7964068102436
09-11-2011 19:00,327.48844450256945
10-03-2012 0:00,84.4740109313463
19-05-2011 13:00,72.09674183605797
01-05-2011 8:00,54.22936505332434
07-07-2012 8:00,92.37882442548778
07-05-2011 16:00,415.85730923596117
09-04-2011 11:00,197.48179169111404
16-06-2011 04:00,11.765073427542264
13-07-2012 22:00,201.84699544880144
02-03-2012 14:00,181.71423448678436
18-05-2012 15:00,397.8063081903848
14-12-2011 22:00,60.76733058990003
17-02-2012 19:00,387.5347971676258
15-04-2012 18:00,379.2408999380949
06-10-2012 23:00,152.42550609801864
17-07-2012 00:00,36.28417059486199
13-09-2012 11:00,375.4306920569874
13-01-2012 07:00,155.8021531444752
11-08-2012 8:00,123.48011992033064
17-09-2011 08:00,59.573598763697184
04-11-2011 11:00,151.31881738877692
01-10-2011 11:00,180.29079497168115
03-03-2011 12:00,54.556587261268795
05-12-2012 19:00,463.46135199219407
18-06-2012 23:00,98.98112681414901
19-09-2012 18:00,768.4498800656586
08-11-2011 19:00,449.0773437482749
18-02-2011 13:00,82.28280556588172
07-11-2011 10:00,237.66334843975477
10-08-2011 14:00,166.52243983433982
02-05-2012 0:00,44.52519448627936
14-01-2011 14:00,49.392305942724036
17-07-2011 01:00,95.56960489698608
14-07-2011 15:00,208.1417462645983
04-03-2011 3:00,1.7870882591347927
18-12-2012 15:00,262.2837532922912
14-12-2012 10:00,371.36738439306635
14-05-2011 03:00,16.432619130348872
19-03-2012 23:00,70.77856758492545
08-01-2011 5:00,2.188356037538882
13-08-2011 06:00,23.701363596164786
04-08-2011 2:00,5.560014584124373
03-02-2012 5:00,22.944174965565733
16-12-2012 21:00,135.93484141577818
04-01-2011 9:00,106.15248903083133
06-04-2011 1:00,4.041800474674745
09-03-2012 11:00,205.55853230393143
12-10-2012 20:00,404.44900171616763
14-06-2011 20:00,357.6705910853427
06-12-2012 2:00,6.802425869933044
03-12-2012 2:00,6.645794108102116
10-07-2011 17:00,356.6972965795123
09-01-2012 22:00,45.197684196582486
10-01-2012 17:00,346.4513513534673
07-08-2012 4:00,14.788662174640331
17-01-2011 04:00,2.162066407334681
03-05-2011 15:00,194.56931837739
08-04-2012 7:00,43.529274973006785
04-07-2011 5:00,20.3616342800995
13-01-2011 14:00,44.51454935486784
18-08-2012 23:00,197.5193430803182
11-12-2012 0:00,32.94744433036441
11-03-2012 9:00,105.95355317381183
18-03-2012 08:00,59.96590011528996
06-12-2011 3:00,4.143205960095277
05-11-2011 14:00,407.7257159744176
10-10-2012 11:00,377.86422381713913
02-11-2011 20:00,232.6365196463195
18-07-2011 21:00,210.3484528748807
09-03-2011 15:00,71.9531755890614
10-12-2012 17:00,494.51719614537257
02-01-2011 20:00,48.82670613803042
01-10-2012 10:00,483.3494211482027
17-07-2012 14:00,183.0460564469138
07-03-2012 15:00,255.4812415970282
09-02-2011 22:00,24.231052480474023
16-01-2011 01:00,23.028667918861686
19-02-2012 12:00,239.54963308315266
09-02-2011 2:00,1.2888878424610417
06-09-2011 9:00,264.5495032279817
11-06-2011 8:00,83.10288291269039
08-02-2011 2:00,1.4966121860610444
15-08-2012 14:00,244.07994008859495
17-05-2011 12:00,63.08909898778171
03-04-2012 18:00,712.496438622836
14-05-2011 07:00,24.23275596482398
06-01-2011 8:00,111.75994446099475
04-05-2011 22:00,80.34794114945882
14-08-2011 18:00,235.70952766553222
01-12-2012 18:00,306.0596897774193
11-01-2011 17:00,61.210337713608
10-02-2011 17:00,115.33730589982459
08-02-2011 23:00,22.133216739954854
13-03-2011 04:00,4.943356079494237
18-06-2012 15:00,268.9851914196732
16-04-2012 18:00,267.1371933589692
05-09-2011 10:00,236.60844161610942
17-09-2012 05:00,40.448034131871516
05-12-2011 19:00,309.5639005268631
10-01-2011 1:00,2.9583321210551774
08-05-2012 8:00,288.9808689872764
08-07-2011 16:00,145.64553398368312
06-09-2012 7:00,223.1717079007184
06-11-2012 17:00,378.8467030550098
05-03-2012 20:00,151.2580593545362
01-10-2011 13:00,286.7330834474652
17-04-2011 14:00,319.75747273977436
18-08-2012 11:00,609.748722117647
03-09-2012 22:00,164.93414762005932
13-03-2011 08:00,28.87937781602631
12-05-2011 8:00,293.14607263142346
10-10-2011 11:00,416.68654048434837
11-04-2012 10:00,305.932845518121
15-05-2011 09:00,110.98249718341305
06-10-2011 17:00,450.1111115754244
12-06-2011 7:00,38.758434593719535
15-04-2011 20:00,74.52407623099946
05-04-2012 14:00,198.35422850607688
13-04-2012 14:00,234.04333428597573
10-05-2012 8:00,413.8736067712623
02-02-2011 15:00,83.20167658540745
09-03-2011 9:00,114.86261854397941
19-05-2012 20:00,407.1416596803054
11-07-2012 18:00,800.3514553524187
18-04-2012 02:00,5.795928167241364
19-09-2012 13:00,241.57213570912242
04-11-2012 20:00,136.14335847089697
15-12-2012 11:00,450.86102440653355
08-04-2012 3:00,17.82157876687949
11-09-2011 0:00,170.1354718611786
16-12-2012 11:00,301.2982346895718
03-03-2012 15:00,441.93548307665486
03-11-2011 12:00,151.91121210927705
15-01-2012 01:00,28.76516516121321
07-10-2011 1:00,10.677880490639414
07-11-2011 0:00,29.662257890296033
04-03-2011 18:00,193.07100529697937
14-03-2012 12:00,180.18867559176425
11-05-2012 4:00,19.72093459389708
16-12-2012 07:00,31.023604644919487
01-03-2011 11:00,99.99242864408022
12-01-2012 5:00,14.626534387851015
13-08-2011 21:00,152.2956935087899
19-11-2012 01:00,11.730631769867653
09-09-2012 12:00,849.0776079883469
06-09-2011 16:00,74.30983789568596
17-08-2012 14:00,265.06299111723325
16-08-2011 07:00,162.43823182367078
01-04-2011 6:00,21.13434325191264
03-06-2012 17:00,476.2173974989264
09-01-2012 17:00,110.55619031148315
18-10-2012 04:00,18.949457680044315
02-06-2012 21:00,322.0816638306917
02-12-2011 17:00,369.72157902369986
02-08-2012 14:00,232.91482432391237
03-12-2011 5:00,8.557511884515257
12-10-2012 19:00,592.6446079830557
02-05-2012 17:00,476.7737275680325
07-11-2012 14:00,142.71827746365747
05-04-2012 3:00,6.329277871325775
03-06-2012 12:00,704.9796521024712
01-04-2011 3:00,2.1313537516483687
04-01-2011 5:00,10.269552053575117
06-04-2012 3:00,7.018739517475293
09-07-2012 18:00,714.9980362071276
17-08-2012 22:00,90.04392978036171
17-11-2012 14:00,615.5621587694302
19-03-2012 21:00,207.79256209283858
05-01-2012 15:00,170.80146632173688
17-02-2011 03:00,2.1968721394079234
13-04-2011 04:00,2.319593142444775
18-11-2011 04:00,11.601510983821825
12-09-2011 6:00,73.67100610643688
13-12-2011 08:00,202.22717470508303
06-01-2011 21:00,48.15315584990661
11-11-2011 18:00,119.16697532226291
08-03-2012 16:00,341.254913406495
05-09-2012 18:00,659.5020812778848
09-03-2011 9:00,116.19878626262472
02-06-2011 9:00,258.67725822760843
19-03-2012 14:00,208.74694398434434
10-11-2012 2:00,32.655921171793345
18-12-2012 21:00,187.91369847921354
02-05-2011 4:00,12.238677155505755
08-05-2011 4:00,12.647379915268584
17-08-2012 01:00,19.152815576124354
14-11-2011 23:00,72.7344697611673
15-11-2011 05:00,22.845462693789077
09-01-2012 23:00,39.05058796366248
10-11-2012 5:00,20.98855144313189
03-12-2011 14:00,310.566450109689
08-03-2011 14:00,78.37513239981035
08-09-2012 15:00,238.08161870415685
13-08-2012 09:00,361.4915178506975
04-05-2011 6:00,21.752784566529233
17-03-2011 21:00,94.45271147608449
01-04-2012 2:00,22.898928433983848
15-03-2012 17:00,676.1371813529742
05-05-2012 10:00,438.0794844084138
11-10-2012 14:00,255.87824474647522
14-06-2012 05:00,36.96036503331575
01-08-2011 5:00,26.842916794220667
03-08-2011 3:00,7.334867114619538
09-06-2011 6:00,61.945711150249934
08-08-2011 17:00,424.7063440607593
16-04-2011 22:00,46.97683808055139
13-01-2011 05:00,11.310365849742626
07-04-2012 20:00,255.9401565172171
06-08-2012 1:00,13.665421615194164
08-07-2012 0:00,313.679319104885
04-11-2011 12:00,122.84645597976248
08-04-2011 13:00,34.20052925039211
13-02-2011 17:00,110.15982998463981
01-08-2011 7:00,135.6911040692756
10-06-2011 1:00,14.289802831443971
11-03-2011 9:00,146.56101302231883
12-06-2012 18:00,614.8060692610866
15-05-2011 15:00,409.01540089391835
01-10-2011 12:00,301.0124588864605
08-01-2011 23:00,15.931964202446924
12-06-2012 0:00,35.896127103924975
07-04-2012 16:00,442.67898301670493
01-05-2012 8:00,277.501506167155
14-09-2012 08:00,401.0329616785644
01-05-2011 17:00,230.4340859349814
04-11-2012 23:00,52.87000828954983
13-01-2012 09:00,279.5932602510323
06-01-2012 21:00,160.23961606064344
15-07-2011 21:00,254.74094754247494
13-05-2011 03:00,7.9292797548244875
11-12-2012 23:00,76.23099041942174
09-06-2012 16:00,549.2249657401251
16-02-2012 22:00,87.84063752248424
10-12-2011 16:00,235.6494115317674
10-07-2012 16:00,422.77557850508924
02-10-2011 3:00,9.776533206074369
04-08-2011 3:00,4.169205101863552
11-07-2011 15:00,198.94889171293173
12-04-2012 20:00,368.66794372143977
05-01-2012 3:00,4.633332973438561
10-02-2011 20:00,85.16239437780649
13-06-2012 13:00,222.53456791893987
03-12-2011 6:00,12.632007870487005
19-11-2011 07:00,27.79374919297823
07-03-2011 6:00,31.71044728294981
17-04-2012 08:00,291.9971275633739
13-10-2012 17:00,432.03886394237395
11-05-2012 4:00,19.83902457200034
12-02-2011 7:00,11.199261742500882
09-04-2012 5:00,28.700251947093577
10-12-2011 9:00,77.47820586251646
06-12-2011 21:00,100.92620902864587
18-12-2012 00:00,33.717923381047164
05-06-2011 5:00,15.507847856319415
17-09-2011 11:00,312.7969892249039
12-12-2012 5:00,32.37566851906783
10-12-2011 20:00,135.5664517359759
13-04-2012 10:00,394.73000009479324
19-10-2011 02:00,5.109521180800195
19-02-2011 00:00,86.67523548489622
07-03-2012 4:00,8.675274146948114
14-10-2011 16:00,362.1559516756008
17-01-2012 21:00,124.60141641678976
13-08-2012 02:00,7.846147127473991
19-02-2011 06:00,7.234734086219038
03-08-2011 6:00,53.581475852932165
15-04-2012 08:00,114.90533411584309
08-02-2011 3:00,1.3366374992362773
16-01-2011 10:00,50.69336215874002
12-12-2012 21:00,161.86935099785353
02-08-2012 9:00,454.01080736448205
17-12-2012 05:00,36.42246044628381
01-09-2011 2:00,5.9079659571460015
19-04-2012 00:00,24.159984491273576
19-02-2011 18:00,101.8499833617429
05-04-2011 16:00,149.7198105472324
08-06-2011 18:00,598.3711327430286
18-10-2011 18:00,455.3291914821926
19-02-2012 23:00,28.714187333468878
09-01-2011 10:00,43.65288746324239
16-02-2011 01:00,3.7328665893136894
13-12-2012 00:00,43.43329773947814
01-06-2012 16:00,357.9438840133142
18-03-2011 07:00,100.16748561461677
16-12-2012 04:00,13.436363269041797
05-05-2012 0:00,250.5589917988934
16-08-2012 19:00,812.1878115831204
06-08-2011 16:00,198.0015592385331
02-04-2012 6:00,81.79892930853924
13-01-2012 19:00,300.7105810265591
08-05-2011 19:00,245.06310664292502
08-08-2011 15:00,202.21117036610917
04-11-2011 4:00,11.195568487989224
01-08-2012 22:00,192.50968616716716
16-02-2012 06:00,59.50109319797404
16-01-2012 04:00,4.142139858332887
01-07-2012 3:00,25.652863565227886
18-06-2011 23:00,143.4322181470534
13-10-2011 06:00,47.23005182116846
02-01-2011 0:00,70.48798408199049
05-08-2011 0:00,54.47147173099854
03-10-2012 15:00,364.39486929463664
18-09-2012 09:00,332.2179200998601
09-10-2012 19:00,483.0508215242623
04-10-2012 9:00,479.9983105939187
10-08-2011 16:00,369.19379961272966
07-05-2012 5:00,39.21415671540427
04-02-2012 5:00,10.652592232976076
08-04-2012 4:00,15.82824283932434
02-07-2012 13:00,186.84025125710787
06-12-2011 16:00,97.71996142356673
03-10-2011 20:00,184.00257434518733
01-03-2012 22:00,98.2039854476643
10-05-2012 10:00,391.0290878822898
02-09-2011 20:00,331.99296863502
01-09-2011 11:00,214.31417688411597
05-02-2012 6:00,10.755129397998003
07-06-2011 21:00,226.11769529578743
05-11-2011 22:00,103.37225833145847
07-04-2011 14:00,107.96741464061225
17-05-2012 02:00,9.81725383644137
07-02-2012 14:00,133.83293439473994
09-02-2012 0:00,20.935118095501128
12-02-2011 9:00,47.12749267891034
02-06-2011 23:00,106.33491566081321
09-11-2011 14:00,134.64173566405282
12-09-2012 10:00,434.3984934357809
12-03-2012 6:00,67.17528100919124
10-05-2012 3:00,10.036482377514893
19-01-2012 00:00,20.266487757517638
10-06-2012 22:00,189.60244021690926
04-11-2011 20:00,247.12166562660175
04-01-2012 13:00,86.01078378285467
02-09-2011 5:00,29.00179243246876
19-02-2011 16:00,130.33546357342328
03-05-2012 18:00,942.4842319180073
15-12-2012 23:00,120.83302799425336
01-05-2012 10:00,311.0234180831055
05-06-2012 20:00,456.11281636595174
01-01-2011 12:00,102.5945150333983
14-06-2012 02:00,6.809922901151053
01-07-2012 23:00,97.39121491185814
11-06-2012 22:00,161.46196109485953
16-05-2012 18:00,721.1414771263576
13-03-2011 00:00,95.4746931919729
12-06-2012 0:00,36.63329867399463
09-03-2012 14:00,192.1486022659035
07-10-2011 0:00,36.452690209409624
05-10-2011 21:00,165.24482097891155
11-02-2011 5:00,11.311532323473939
13-10-2012 00:00,157.34168527262779
07-11-2012 18:00,375.65885316493234
02-01-2012 19:00,96.19952174561325
03-12-2012 7:00,219.8209189084027
05-08-2012 17:00,441.5450845518893
14-03-2012 20:00,406.94437501479524
06-12-2011 1:00,7.558020687097212
05-11-2011 16:00,269.19543637602936
09-07-2012 11:00,333.8355743574127
03-03-2011 18:00,140.83065749187833
08-05-2011 14:00,485.3365836767923
04-09-2011 13:00,443.41200268408807
05-06-2012 17:00,572.8921124393534
07-11-2011 18:00,435.52806862484067
02-03-2012 0:00,38.96234032852174
02-10-2011 20:00,98.73617962928002
13-03-2012 07:00,156.9543666226069
12-06-2011 18:00,277.7363504985669
13-04-2012 17:00,653.3876924209915
14-07-2011 02:00,7.780896734730926
11-12-2011 11:00,212.19322370091035
04-04-2011 12:00,123.42799463350445
16-03-2012 07:00,173.01612883076626
16-05-2012 17:00,610.3243482834048
05-04-2012 11:00,255.11233468746013
11-11-2012 0:00,154.74310297836118
02-09-2011 3:00,6.53553807607491
02-05-2012 13:00,150.27281100951586
08-06-2012 16:00,534.7507657396122
11-11-2012 2:00,29.332499433600688
15-02-2012 12:00,151.87661263234335
14-04-2012 04:00,14.422119586167751
13-09-2011 23:00,98.01060150132618
01-03-2011 12:00,79.95507875408786
17-05-2011 03:00,3.142918460553369
19-09-2011 10:00,286.12868077963077
15-05-2011 02:00,28.30321570793309
02-11-2012 14:00,180.26882858053378
06-03-2012 20:00,232.5307113140673
08-08-2012 14:00,240.4470478061486
06-03-2012 17:00,346.3220091114671
11-01-2011 9:00,131.9936779481431
01-11-2011 8:00,224.0846755952719
19-11-2012 03:00,7.372898526041028
14-03-2012 06:00,84.42570637742068
02-02-2012 20:00,238.2973733399343
03-11-2011 0:00,33.65174923805945
09-03-2011 4:00,4.436026579178469
09-04-2011 3:00,2.8339418994270504
14-08-2012 06:00,71.51901340102931
15-11-2012 00:00,33.86226038385838
13-12-2012 01:00,12.887935738408409
03-09-2012 2:00,18.099379275480498
01-11-2011 2:00,4.209975589413663
01-04-2011 5:00,8.194371890573755
01-01-2012 21:00,83.32354535090602
16-05-2012 15:00,276.4981136096424
15-07-2011 05:00,43.145131830122324
02-12-2011 5:00,23.443477010926323
02-02-2012 12:00,159.17859968778754
11-08-2011 4:00,13.93393196089732
11-10-2012 19:00,635.3066751129128
06-06-2011 2:00,5.273294880951738
13-11-2011 01:00,53.61629291474367
08-06-2011 12:00,131.50240905096823
03-07-2012 11:00,232.99008944609315
17-01-2011 15:00,106.39179125109614
16-04-2011 10:00,57.51167224750787
15-04-2011 09:00,149.21077442678907
07-05-2011 9:00,145.8081636914008
10-12-2012 2:00,6.3241057471301465
09-09-2011 22:00,95.78327607150946
01-06-2012 9:00,411.4631758659217
18-05-2012 11:00,350.27842347224686
05-12-2011 18:00,333.3742908826581
09-04-2011 19:00,99.85939991801726
05-08-2011 12:00,157.3001490384081
14-08-2012 13:00,204.3112882134762
15-06-2011 22:00,150.33987549767062
08-07-2011 4:00,15.885859996736482
15-10-2012 05:00,36.90148150201989
14-01-2012 06:00,12.660200602510711
08-02-2012 23:00,53.19014577161897
13-07-2012 15:00,344.5929308152265
17-10-2012 07:00,253.1330798876886
02-07-2012 3:00,10.009729535741343
17-11-2012 08:00,100.80359187144403
18-11-2011 08:00,253.5943883148239
14-10-2012 02:00,40.94615407405144
14-01-2011 07:00,60.318897327818675
15-12-2012 10:00,291.7193226333466
18-12-2011 01:00,41.33038539759907
16-02-2011 05:00,12.509528784748591
04-08-2011 8:00,232.28190017921494
19-07-2011 19:00,457.4793948666652
08-11-2012 0:00,32.667393920701485
13-10-2012 18:00,388.0162552715146
04-05-2012 0:00,84.51090833896217
16-06-2011 17:00,329.956214907144
11-10-2011 17:00,341.1887053787382
12-10-2012 3:00,8.955280915806672
19-11-2011 17:00,236.9442020171391
07-02-2011 5:00,11.164512883117279
05-05-2012 15:00,407.7357695652301
19-05-2012 07:00,63.82835402559121
11-04-2012 6:00,85.17030093466866
09-03-2012 17:00,511.4418009924619
09-11-2012 21:00,242.24804954592264
05-06-2011 17:00,328.27528585540153
15-03-2012 18:00,796.7758160544041
07-07-2012 4:00,20.982137950665845
03-05-2012 8:00,189.52765937122211
11-09-2012 22:00,184.3468225938903
03-01-2011 16:00,94.77482838782818
12-03-2012 2:00,3.8890721397810233
14-05-2011 23:00,60.70923942376451
11-05-2011 13:00,126.91418423292406
08-10-2011 13:00,528.2076342719467
13-09-2011 19:00,456.1864487267851
11-05-2011 18:00,468.624706114164
12-11-2011 11:00,310.9376402568996
17-02-2012 07:00,127.83412061388792
12-08-2012 10:00,340.58677957487976
19-09-2011 00:00,34.35079326621613
16-12-2011 23:00,46.54840077532819
09-08-2012 18:00,827.8507049407182
17-08-2011 19:00,505.7204750982752
02-11-2011 4:00,9.94154668860782
01-11-2011 7:00,142.69607355683107
13-08-2011 06:00,23.694151750143526
02-12-2012 13:00,479.8244184637384
01-10-2011 0:00,159.90240434723555
09-09-2012 23:00,113.71008568034586
02-04-2011 20:00,96.39440356596269
19-06-2011 07:00,33.97977935963337
16-07-2011 15:00,413.84144466937937
15-10-2012 03:00,7.73197609064185
16-08-2011 17:00,479.72332445443175
18-11-2011 22:00,84.7521635863596
15-08-2012 19:00,707.558939956531
05-01-2012 9:00,251.96871340629113
06-06-2011 9:00,298.12847770678866
07-07-2011 15:00,191.64305624821424
16-07-2011 07:00,40.91385800432393
04-11-2012 0:00,149.26413034548227
02-08-2012 6:00,126.72969978718395
01-01-2012 8:00,32.19596423490301
09-11-2012 5:00,44.566064879752304
04-09-2011 1:00,80.048247305845
17-01-2012 02:00,2.293175084402993
18-11-2012 02:00,27.198333852176745
03-05-2011 12:00,131.90809552326797
02-03-2012 18:00,186.18966807417104
11-09-2012 3:00,7.396033494947062
06-06-2011 19:00,497.20926287045455
06-08-2012 6:00,96.87166700063713
04-04-2012 11:00,265.0528850289038
19-03-2011 00:00,111.35829064651337
01-04-2012 3:00,12.72553810226668
19-04-2011 01:00,5.226530316722781
16-02-2011 15:00,120.08431264852426
16-07-2012 22:00,163.0078401508646
14-02-2012 04:00,6.845911706165534
13-12-2012 03:00,7.700684177392483
19-09-2011 22:00,99.27759819696959
05-12-2011 7:00,130.52106096806395
04-02-2012 18:00,125.33856196007679
09-02-2011 23:00,18.821778375080292
06-06-2011 6:00,77.83428225232893
12-04-2012 22:00,143.8376881794228
17-07-2011 19:00,284.2725231732152
13-03-2012 16:00,445.50769544752313
16-06-2012 18:00,424.46159577440716
16-04-2011 13:00,93.61848252422054
16-11-2012 21:00,223.96033955188756
14-12-2012 03:00,8.198847183200032
09-06-2012 13:00,755.7637418275735
06-06-2011 15:00,212.0564120883165
02-04-2012 21:00,212.84598422780812
14-01-2011 20:00,83.88966263423436
15-01-2012 03:00,6.1435820410420074
03-09-2012 8:00,87.82961056760129
04-08-2011 9:00,282.74784327472764
10-07-2012 0:00,39.739268486450676
12-08-2011 10:00,259.77648883145326
02-02-2011 15:00,82.30087646596738
08-04-2012 6:00,26.262276604391065
02-05-2011 23:00,68.77229770906776
15-06-2012 01:00,16.30489366929292
15-09-2011 03:00,6.56912862443445
08-12-2012 2:00,31.03760367586397
06-11-2011 14:00,392.39099644690344
11-10-2012 23:00,126.55086633642058
12-06-2012 17:00,458.85629662234606
01-03-2011 20:00,130.29755322224884
11-02-2012 9:00,69.62316719214895
03-12-2011 15:00,285.89409369587224
11-10-2012 9:00,482.64777512621504
01-03-2011 10:00,123.67072570499599
06-10-2011 11:00,217.2818653133624
16-04-2012 10:00,474.45323294710045
11-06-2012 15:00,319.1958900201582
05-03-2012 11:00,187.88985739020887
08-07-2012 5:00,21.507370754109314
13-05-2011 00:00,56.58012442105319
13-08-2011 01:00,81.69680443688077
09-06-2011 7:00,136.6835516004527
07-11-2011 20:00,265.85704787319355
19-03-2011 09:00,60.238417654738726
14-11-2011 13:00,129.51209547030888
11-12-2011 8:00,34.78803202788835
18-11-2012 20:00,167.09098606457536
13-02-2012 11:00,144.52090519634928
18-04-2012 18:00,399.63562415686033
08-08-2011 6:00,72.16513014200594
03-07-2011 10:00,215.00181629661185
18-08-2012 06:00,35.12077674360979
13-03-2012 02:00,2.634208923120601
07-08-2012 18:00,781.504155361605
07-02-2011 22:00,37.297263020552094
05-06-2012 22:00,189.19990580417402
12-06-2011 11:00,347.7772227668177
13-01-2012 11:00,174.0017623584551
08-07-2012 22:00,123.18461140855851
17-09-2011 23:00,89.45247229499648
05-02-2012 4:00,6.789811124567111
01-05-2011 19:00,171.5857337606431
06-10-2012 14:00,616.7513457393635
04-09-2012 16:00,389.67436854366065
07-11-2012 1:00,9.48788460834612
16-04-2011 14:00,113.40049009491871
17-07-2012 17:00,575.5089439214939
16-10-2012 21:00,242.72255672652145
09-05-2011 15:00,216.58880839194248
05-09-2011 9:00,76.13802882869724
06-10-2012 12:00,911.2370088029031
14-05-2012 07:00,127.86334862279948
07-08-2012 12:00,226.31054561111876
08-06-2012 23:00,151.12911772044308
07-09-2011 21:00,84.84489270513524
09-06-2012 13:00,729.258834409272
15-06-2012 23:00,146.7485829657863
18-08-2012 19:00,429.4099932065616
15-12-2012 08:00,74.04403204398342
04-01-2012 14:00,82.99146283600334
01-04-2012 7:00,37.81046749435248
05-12-2011 8:00,207.2019014313218
12-01-2011 8:00,105.05586021804078
04-02-2012 19:00,102.17444030968937
12-03-2011 2:00,8.740035392836283
02-09-2011 5:00,29.0104920382119
06-12-2011 22:00,48.48456486478993
08-08-2011 21:00,185.9662320782778
09-02-2011 20:00,48.15036257528958
05-09-2012 3:00,7.305840533721666
15-11-2012 22:00,129.70847959015916
09-05-2012 4:00,6.655651954837134
01-03-2011 6:00,29.57043939287891
08-02-2011 10:00,101.35867097556189
09-02-2011 0:00,11.436696941107089
07-05-2011 10:00,253.37015190961108
01-11-2012 8:00,385.0880882927865
19-03-2011 09:00,59.052094243080475
06-02-2011 15:00,125.97408936965596
16-02-2011 07:00,81.84386776871722
06-10-2011 9:00,331.2966893823534
14-08-2012 21:00,314.8065314930605
16-02-2011 12:00,81.65972063330261
07-05-2011 6:00,22.394465518949403
05-08-2012 15:00,574.0230621703653
18-07-2012 12:00,176.83502335750143
15-04-2012 23:00,85.00566617874128
09-08-2011 17:00,453.6634046670801
09-06-2012 15:00,607.7048667191114
11-04-2012 18:00,288.65772194229476
09-09-2012 3:00,26.153760534474205
10-09-2012 12:00,269.6651171083174
15-09-2012 00:00,173.80641943490824
15-11-2011 01:00,8.865266496254687
18-02-2011 11:00,101.37437215278247
04-07-2011 2:00,26.518930853929476
02-07-2011 2:00,40.21146065669082
16-06-2011 01:00,10.790776205547049
02-11-2011 2:00,4.107015336028603
03-12-2012 5:00,35.28274785730433
12-12-2011 0:00,23.168863694172813
04-08-2012 4:00,24.492923730653445
02-07-2012 2:00,9.219568242813256
06-05-2012 23:00,84.11180202762804
03-05-2012 10:00,396.64568712374546
05-03-2012 6:00,57.396789514357295
17-01-2011 20:00,21.479907068675487
19-05-2011 15:00,189.06083473310827
01-05-2011 13:00,413.1082626358183
05-03-2011 0:00,40.58181569187432
18-01-2012 18:00,295.42864561542723
09-03-2011 20:00,86.19421012125684
07-02-2012 18:00,398.3564744514863
15-08-2012 01:00,16.719758025019537
17-06-2012 13:00,755.8099262028511
09-04-2012 16:00,408.2686428184312
15-09-2012 05:00,21.895176273212364
10-05-2011 14:00,156.74439557665096
13-06-2012 08:00,370.9113207906992
17-01-2012 15:00,143.59952567010234
07-06-2011 13:00,138.71282017508042
16-04-2011 04:00,4.819835871223827
11-09-2012 15:00,381.1129512261141
02-04-2012 20:00,361.87138297903067
09-07-2011 17:00,337.76932652904765
19-07-2011 09:00,313.4286070530967
13-06-2012 02:00,7.189209061735199
04-10-2011 8:00,227.61362908995807
09-05-2011 13:00,143.80201689661826
14-11-2012 13:00,167.77242254828968
04-09-2011 3:00,17.10892543567666
19-08-2012 08:00,90.86722648387253
10-03-2012 12:00,401.2396451853478
07-10-2011 6:00,73.29633727115869
19-12-2011 10:00,216.05683227077265
14-06-2011 21:00,216.02481608495353
12-01-2012 12:00,113.72208616178152
06-04-2011 22:00,74.57065806627652
19-05-2012 00:00,217.05065814144962
03-07-2012 3:00,7.375843262460102
14-03-2011 19:00,178.68021141970974
13-07-2012 13:00,227.4526592434783
14-03-2011 14:00,69.77722806733357
15-02-2012 09:00,277.27123546842887
02-11-2012 13:00,198.3186301123574
08-02-2012 22:00,67.70381839344078
01-05-2011 18:00,202.62388329423746
19-12-2011 20:00,221.26756698940926
14-03-2011 09:00,156.11283142149352
18-12-2011 03:00,9.182928362046232
18-05-2012 00:00,75.5107623727006
01-07-2011 16:00,357.64486160792853
06-03-2012 6:00,55.14922843719746
17-12-2012 22:00,98.45897343797125
17-03-2012 21:00,254.63099347556957
10-10-2011 19:00,238.54491065409474
15-09-2012 04:00,19.384128596294836
08-02-2012 3:00,4.018641849195307
06-01-2012 15:00,224.31627443288957
19-04-2012 08:00,353.09544699093976
12-07-2012 4:00,19.597766397695082
19-04-2012 00:00,23.55988448875612
02-04-2012 16:00,385.0798599991587
16-02-2012 17:00,201.44225090077222
19-08-2012 15:00,433.33003669473624
02-05-2012 23:00,81.554519130566
07-03-2012 14:00,181.18990183202038
17-02-2011 18:00,283.4272807652965
01-05-2011 16:00,294.4874290195363
11-02-2012 5:00,7.958458912011393
13-07-2012 06:00,120.55445516792277
09-02-2011 14:00,58.93460025712285
19-08-2012 02:00,46.807993231121856
14-08-2012 07:00,225.1350318450631
15-01-2011 00:00,38.50570434634736
02-07-2011 0:00,203.07705917618853
04-04-2011 2:00,3.2463610331525055
18-01-2012 08:00,230.10130471656592
15-11-2012 23:00,102.43331020760898
13-07-2012 23:00,137.50303510534692
17-07-2012 08:00,336.24795644359995
08-10-2012 21:00,231.17950595628406
19-05-2012 02:00,44.43768759938155
11-01-2012 22:00,39.57087682811074
18-03-2011 10:00,176.40530206101167
19-09-2011 08:00,268.9435608337034
02-05-2012 20:00,321.0326930553399
10-07-2011 0:00,272.3250657235218
06-04-2012 11:00,290.45100782169465
13-10-2012 16:00,532.5354593060465
01-06-2011 19:00,412.1895701754162
02-11-2011 0:00,23.771891700995276
17-12-2011 15:00,246.39906382898428
04-07-2011 21:00,284.9677057747443
03-11-2012 1:00,50.16423006390507
06-12-2012 9:00,479.56660561420136
13-10-2012 10:00,459.16175626186356
18-02-2011 21:00,102.39652143999085
08-04-2012 21:00,162.10394724815717
16-10-2012 00:00,31.58609370764315
13-10-2011 09:00,166.34311021823476
04-10-2012 11:00,330.2644212578793
09-12-2012 10:00,188.20720003481458
18-08-2012 13:00,774.4963443312981
13-02-2011 04:00,3.761725363809126
03-08-2011 12:00,94.18677726724692
08-02-2012 9:00,280.17837777078887
08-08-2012 17:00,690.2576586085173
15-10-2011 06:00,23.65325919662306
04-06-2011 7:00,49.67064088132694
07-06-2011 5:00,25.72592772384688
04-07-2011 10:00,314.8584758662604
06-01-2012 0:00,27.263521088182276
19-11-2011 03:00,9.779232558298315
08-04-2011 9:00,173.18232366969232
07-10-2012 6:00,25.22548309599066
07-05-2012 2:00,7.176740532268064
03-06-2012 20:00,303.28613068554006
02-02-2011 21:00,65.51144992890289
17-05-2012 22:00,172.3028272283986
14-03-2012 22:00,125.77747571014777
02-09-2011 11:00,178.90752632266145
17-10-2011 08:00,259.8955581096862
17-09-2011 18:00,205.30452394514032
06-12-2012 11:00,317.93398342644184
17-04-2012 20:00,415.26823289215173
05-06-2012 4:00,9.124576484268449
06-01-2011 16:00,88.2861690018516
15-09-2012 02:00,43.81625681335283
12-01-2012 1:00,5.059675370767625
14-11-2011 12:00,153.68555517841514
13-09-2012 21:00,359.1643271227915
12-02-2012 2:00,9.547577742230477
17-09-2012 15:00,278.6008572295359
10-05-2011 8:00,242.2064705663766
11-10-2011 7:00,130.84399694852235
01-12-2012 8:00,64.33245670337352
16-07-2012 06:00,111.91181697318235
16-01-2012 14:00,207.0231824839055
12-11-2012 11:00,639.6065289322531
17-12-2011 14:00,269.13157766583487
16-06-2011 10:00,245.1161767896541
02-09-2011 23:00,79.96305935734438
05-08-2012 11:00,441.5073830896752
15-02-2012 06:00,62.403670790541554
05-07-2012 22:00,183.19037815286242
02-06-2011 11:00,185.74662317237897
16-12-2011 21:00,118.5862888580548
04-10-2011 13:00,136.773528059731
09-02-2011 13:00,53.868676351571175
02-01-2011 12:00,89.03540598801055
19-03-2011 01:00,40.085125950234634
06-11-2012 16:00,310.3948554194362
04-05-2012 10:00,407.7851135258016
05-09-2011 17:00,229.41575873404702
10-06-2011 12:00,138.7126290142326
12-11-2012 23:00,121.73235296774588
05-03-2012 19:00,256.8876304105928
04-05-2011 3:00,1.9042096602201233
09-08-2011 12:00,139.03760228598813
07-06-2011 6:00,70.18183296708273
08-05-2012 3:00,5.786432351369303
19-10-2012 20:00,437.93946040257896
09-11-2011 9:00,247.44826134359593
19-03-2012 03:00,5.889202985401665
01-11-2012 6:00,123.26851206448536
08-07-2011 14:00,165.1939560179913
07-08-2012 13:00,213.85624159079202
05-12-2012 13:00,197.0652304029107
09-02-2012 21:00,140.51687186910036
02-05-2011 15:00,213.49842604958883
05-08-2012 4:00,20.46149046654878
18-12-2012 15:00,267.560009702616
15-04-2011 14:00,321.23338034636515
19-02-2012 14:00,243.6678082289122
18-07-2012 09:00,375.72731579350483
11-07-2012 20:00,516.5670214464703
19-11-2012 02:00,6.521026446957628
01-01-2012 2:00,19.792858152252016
09-04-2011 4:00,2.110867718137801
01-03-2012 15:00,260.700298482985
16-05-2012 05:00,34.02845005425341
06-12-2011 14:00,51.67413638456627
14-02-2011 05:00,11.509648415623744
11-05-2011 7:00,141.9781889412214
13-12-2011 22:00,70.397577396245
10-02-2011 23:00,25.845555885985824
01-09-2012 12:00,684.606411833324
18-12-2011 14:00,264.4123923585466
19-12-2011 11:00,159.45249248072713
14-06-2012 03:00,7.806490740471009
03-07-2011 6:00,18.759074036628135
03-02-2011 9:00,124.47379890271155
19-06-2011 22:00,120.50505068776755
10-12-2012 17:00,508.8740869119547
09-08-2012 14:00,241.29150716025305
13-08-2012 13:00,190.7995571620201
12-03-2011 19:00,139.06008291304235
19-09-2011 18:00,380.5423049437712
12-09-2012 11:00,345.2113469285613
14-10-2012 22:00,132.05270979952508
10-03-2012 20:00,164.671932923341
17-02-2011 20:00,174.8238325662793
08-07-2012 16:00,482.6941329979237
11-07-2012 1:00,13.336882009735021
15-05-2012 14:00,193.12296460929136
09-07-2012 19:00,643.5810184532271
17-11-2011 09:00,257.9671552932437
13-03-2012 03:00,2.7125689158971578
19-10-2012 02:00,7.433138412562489
07-02-2011 9:00,132.96607310822486
15-07-2012 17:00,419.566863116728
04-07-2011 21:00,289.53727580548724
18-08-2012 10:00,429.6466354939947
15-03-2011 23:00,31.88031865290083
08-11-2011 8:00,226.21655454048945
01-01-2011 18:00,46.98877079454897
19-01-2012 02:00,3.4520461289037816
14-07-2011 22:00,151.2727179683258
02-08-2012 18:00,881.2160480758254
06-06-2011 11:00,194.10582410426127
02-05-2011 4:00,12.23279871486714
01-02-2011 10:00,110.91767966287232
02-07-2011 1:00,84.17078829138245
08-12-2011 19:00,269.20701367347465
17-09-2011 22:00,129.52778380904567
11-05-2011 17:00,414.34920786146654
07-12-2011 4:00,4.102232478985275
16-12-2011 01:00,12.760013991749544
10-06-2011 2:00,6.89352139423483
04-12-2011 14:00,288.13691936365893
19-04-2012 04:00,13.545810221063729
11-10-2012 17:00,683.2061114820101
15-04-2011 22:00,43.751668308347185
10-06-2012 0:00,248.79835112557484
01-08-2011 20:00,302.0221671597243
03-02-2012 20:00,247.53091399498925
11-07-2011 12:00,148.88032776855576
16-08-2011 20:00,387.73182477590444
02-04-2011 4:00,4.785845140527615
09-01-2012 13:00,100.0267878271469
18-04-2012 15:00,81.66922895449262
13-03-2011 07:00,14.592952554135557
11-10-2011 5:00,22.486084683539065
04-08-2011 18:00,454.93253537055347
03-10-2011 22:00,70.66210629265157
17-02-2012 04:00,8.330214872123559
06-11-2011 17:00,235.7137590275631
12-08-2011 22:00,134.1344078028992
10-09-2011 20:00,246.06250320265957
02-12-2012 1:00,71.3614320433298
09-08-2012 12:00,224.0700921056329
10-10-2012 7:00,262.75158944696744
18-11-2011 03:00,5.92754488584926
11-12-2012 14:00,224.43904890060531
07-02-2012 17:00,353.18953028805674
09-08-2012 4:00,17.608836122030574
11-07-2011 0:00,49.483729272612955
07-08-2012 11:00,283.36317795544954
02-01-2012 18:00,105.88640728522257
18-01-2012 03:00,4.8392986362049
08-09-2011 10:00,194.93655392739058
14-07-2012 20:00,343.6681329120098
12-01-2012 10:00,256.5378882554608
05-09-2011 19:00,88.4750246265164
07-11-2011 9:00,259.1701906699019
06-12-2011 1:00,7.522564620146968
06-06-2012 22:00,189.66719457190044
12-03-2011 14:00,217.86086616387993
17-08-2012 00:00,72.94689308840357
01-07-2012 1:00,114.94376661713227
09-01-2012 22:00,43.275453926588966
01-02-2011 23:00,21.934512189827224
14-03-2012 13:00,191.16540643884395
11-05-2012 18:00,919.2934807413196
11-11-2012 7:00,45.995586652223345
15-11-2011 07:00,148.87957180351992
04-07-2011 15:00,365.8691577619036
12-09-2012 19:00,723.2850731503571
09-12-2011 5:00,23.971888756205416
18-10-2011 09:00,267.9030400121878
02-07-2011 23:00,135.98307169228661
04-01-2011 21:00,61.78880531332169
05-09-2011 18:00,215.06653131236757
03-07-2011 23:00,79.57504203098762
13-04-2011 05:00,6.980456744983985
15-01-2011 12:00,109.43661191983585
13-09-2011 07:00,154.18702959974618
19-10-2012 04:00,14.83324190680433
18-11-2012 11:00,459.19025693933764
07-01-2011 8:00,114.34805734167229
17-07-2012 19:00,650.3710012345794
12-12-2012 12:00,216.4501438412646
15-11-2012 19:00,469.13207709772934
19-12-2011 16:00,243.72883119677
12-12-2011 20:00,189.277792054892
05-06-2011 13:00,476.80531100869587
02-09-2012 15:00,366.1616633698322
12-06-2011 12:00,420.52282042176137
02-09-2012 7:00,53.34841215088908
17-08-2011 06:00,73.99715329808159
19-08-2011 04:00,12.906469775333424
03-01-2012 19:00,180.49415706189546
07-09-2011 8:00,96.39981516279722
16-09-2011 21:00,171.53731321030313
01-01-2012 4:00,6.774985882121942
06-09-2012 1:00,12.979079645495698
15-02-2011 12:00,66.85482740567518
03-11-2012 16:00,336.5193931970993
14-02-2012 19:00,351.91027624995485
19-04-2011 06:00,55.17387785836132
01-12-2012 13:00,499.54350073270234
03-04-2012 3:00,5.270736525564612
17-06-2012 19:00,361.7578808926555
12-01-2011 14:00,40.90044282259857
14-12-2012 01:00,13.59635121683913
10-08-2011 0:00,54.140109269851905
16-11-2012 08:00,370.3282246708477
10-01-2012 22:00,78.8816614726015
01-04-2011 17:00,195.05181610811917
14-06-2012 20:00,588.5439841482824
06-01-2012 17:00,423.8672246414029
18-05-2011 22:00,98.53352440431723
02-03-2012 19:00,172.71336068533395
12-12-2011 15:00,152.02379740708474
11-05-2012 6:00,125.32545139670147
07-07-2012 5:00,22.00770893105656
06-03-2011 1:00,33.58257281691422
01-02-2011 15:00,77.3303989579052
06-04-2012 10:00,362.1757919272718
05-09-2012 16:00,399.23660939735737
07-12-2011 22:00,16.141477374267982
01-11-2011 0:00,24.103169636660947
16-11-2012 08:00,376.33722603652507
14-11-2011 07:00,161.3780823191613
14-09-2011 10:00,232.85903039812345
09-11-2011 7:00,147.81825493156288
02-12-2011 22:00,70.27356758264976
06-02-2011 7:00,11.225376178065872
10-09-2012 1:00,13.219729996915326
05-09-2011 0:00,65.83218637835276
07-07-2011 8:00,276.9956765059263
01-12-2011 5:00,24.624583239041073
08-02-2012 7:00,144.2865698307137
01-09-2012 5:00,30.596272399596877
09-11-2012 22:00,151.00770268561948
19-04-2011 14:00,105.33757233526661
09-04-2011 15:00,155.98539959504248
08-01-2012 13:00,269.48147042721286
13-10-2011 21:00,211.87100347481174
18-10-2011 07:00,140.04798888034088
17-03-2011 05:00,15.206588424856406
01-12-2011 9:00,265.0462407166867
09-02-2011 13:00,54.48190407873666
01-11-2011 13:00,125.67673677273577
19-02-2012 06:00,10.057395910101633
04-04-2011 20:00,260.57462915411446
09-07-2011 8:00,69.87919609820598
06-07-2012 1:00,20.980444025955705
08-09-2012 9:00,217.88380902031366
18-01-2012 14:00,119.98271737331335
10-01-2012 2:00,2.501915522849547
15-06-2011 10:00,273.89897479733224
07-09-2012 6:00,120.24102549750268
10-09-2011 10:00,254.06215271996334
17-12-2011 20:00,108.8853283003114
15-11-2011 20:00,263.19790158049415
08-03-2012 11:00,229.97080225750338
04-09-2011 6:00,18.98484939901154
16-10-2012 15:00,296.6189924699773
01-07-2011 1:00,18.741940860817238
03-11-2012 12:00,478.06598437824147
15-04-2012 17:00,426.7985609057731
09-10-2012 11:00,279.5158659431255
04-03-2012 18:00,168.1296446855068
01-12-2012 3:00,16.043477751643472
06-10-2011 17:00,449.6784315017269
19-03-2012 04:00,11.916441057142764
19-11-2011 12:00,403.79193527331853
14-08-2012 18:00,756.6907142284131
02-02-2012 23:00,62.59582377024989
13-06-2012 20:00,543.3314106614995
19-11-2012 16:00,354.3886104909409
16-10-2011 12:00,476.1366299936335
09-03-2012 8:00,237.54037940575233
01-07-2011 18:00,708.8355643792277
07-08-2012 5:00,37.45250211799415
14-06-2011 17:00,352.94255923400306
16-02-2011 12:00,83.02651530789583
17-09-2012 17:00,540.5784344436322
19-08-2011 19:00,316.0419085016452
16-10-2012 19:00,574.8195850564468
03-12-2012 4:00,13.667148190445959
08-09-2011 20:00,210.38654057229454
02-04-2012 20:00,340.5595798968745
18-10-2012 22:00,145.65858531286793
18-05-2011 16:00,228.94501575960288
13-06-2011 20:00,351.34506267866556
10-10-2011 5:00,16.568497936898297
06-12-2011 0:00,31.794692795663032
15-10-2011 03:00,17.734204000200595
12-08-2012 22:00,156.0932925906912
05-11-2012 9:00,421.18359676348575
04-08-2011 11:00,165.21442431075297
16-05-2012 10:00,347.40471331246147
14-04-2012 11:00,593.2128935304818
13-07-2012 23:00,138.93031713508955
04-10-2012 10:00,431.6131874578091
07-10-2012 18:00,176.9862632312204
16-03-2011 13:00,61.53405173734117
17-08-2011 18:00,526.3922556663769
18-06-2011 04:00,14.353038634514421
01-06-2012 20:00,250.2071625415116
05-08-2011 6:00,80.40462726343424
16-10-2011 02:00,33.689677548120464
03-09-2012 17:00,297.7863910227535
18-10-2011 16:00,308.96420946987706
13-07-2011 13:00,93.2891603250959
11-01-2012 5:00,22.048236633143937
06-12-2011 4:00,6.055399098197464
10-02-2011 16:00,91.73218394815827
19-07-2011 04:00,11.792603326179464
04-02-2011 8:00,109.28631266494963
14-04-2012 01:00,54.801654778814026
16-03-2011 11:00,89.46686153086432
06-08-2011 19:00,172.78143517311813
05-12-2012 9:00,406.4488865608314
03-05-2011 0:00,34.12331820027896
13-12-2012 21:00,214.5341977656916
03-04-2011 20:00,94.77709231475862
19-12-2012 17:00,457.7326883144721
13-07-2011 04:00,13.532833995610254
10-01-2011 9:00,121.87400312354106
19-05-2012 04:00,21.688831256837293
09-11-2011 6:00,68.27296320662265
12-10-2012 16:00,476.5373125206046
05-03-2011 4:00,3.6733354983098074
05-03-2011 2:00,8.168715218469238
09-02-2011 11:00,91.78629713648182
05-03-2012 9:00,279.7309656948301
03-02-2012 0:00,33.72069723336673
08-08-2011 23:00,81.20298533746232
14-04-2012 15:00,530.2994497122515
07-01-2012 17:00,217.4841093009993
06-03-2011 6:00,5.69467803482055
04-08-2012 21:00,356.5918935765767
07-07-2011 16:00,296.08359077759457
10-07-2012 10:00,345.2104512059017
13-04-2011 12:00,32.0207113436099
04-03-2011 14:00,83.0668685462926
15-10-2012 19:00,468.7153819190719
10-07-2011 2:00,43.2856393217767
08-03-2011 13:00,74.47322604715146
10-04-2012 11:00,288.6604047314712
06-09-2011 17:00,226.8194846180309
09-01-2011 9:00,20.26364382843691
15-08-2011 14:00,125.32056299034001
01-03-2011 8:00,108.78026963769594
11-01-2011 19:00,51.81553294661462
18-09-2011 00:00,145.36678847334076
08-11-2011 12:00,153.95135928977209
03-10-2011 9:00,305.34551753601613
06-12-2011 13:00,47.702132710924595
18-02-2011 04:00,5.8265769270353545
13-10-2011 14:00,171.06201497396717
17-09-2012 02:00,6.857148566094699
15-04-2012 11:00,507.9470621182135
02-03-2011 8:00,116.90706531007213
15-10-2011 10:00,242.73839539197695
04-08-2012 5:00,24.92234972830064
06-09-2011 15:00,52.79857487031199
12-03-2012 9:00,331.3621398822112
11-06-2012 14:00,219.37947572359332
19-10-2011 00:00,34.78152248455724
08-11-2012 19:00,476.69409460522473
01-07-2011 5:00,44.48061376209891
17-11-2012 10:00,375.66830516711525
16-05-2011 02:00,5.629615594756729
10-08-2012 12:00,231.2560956314535
19-06-2012 18:00,752.6496278478107
05-09-2011 3:00,9.927563778106528
14-12-2011 04:00,7.498377983764267
02-08-2012 8:00,412.91008448757805
05-03-2012 10:00,247.81003326904224
04-01-2012 18:00,271.2395269323848
17-07-2012 11:00,265.82083746098897
05-08-2011 10:00,245.31429481248148
12-12-2011 16:00,210.07584625259028
16-01-2012 06:00,10.104039156100686
03-02-2012 23:00,56.120124597044075
03-05-2011 2:00,5.0470036048872515
04-06-2011 21:00,220.26056339548717
19-10-2011 18:00,192.56093017403745
16-08-2012 10:00,402.9905678133234
01-01-2011 14:00,100.0797882964178
14-12-2011 03:00,3.9480167783393876
17-01-2012 18:00,345.3813912861222
19-11-2012 20:00,302.67998348642857
19-10-2011 16:00,120.9715903188421
16-04-2012 00:00,75.62542912381845
06-06-2012 12:00,238.96718762280392
11-11-2011 13:00,318.63039729991203
11-03-2011 5:00,15.65224888628508
10-04-2011 7:00,14.835525496988973
08-08-2012 21:00,325.4383120708934
05-03-2011 18:00,143.78625663613605
05-11-2011 6:00,15.34794741098294
16-07-2011 20:00,288.0212793525843
13-12-2012 00:00,43.17494287694483
04-01-2012 9:00,239.72667258724644
18-08-2011 11:00,183.80552695275588
15-11-2012 22:00,130.64356736970643
13-11-2012 14:00,158.74638804949043
09-12-2011 21:00,109.53728868964315
06-04-2012 3:00,7.172587748426697
10-08-2012 16:00,538.3221235032657
17-09-2011 04:00,13.582162014398554
16-11-2011 21:00,81.10216293293527
12-06-2011 19:00,251.43226972934656
01-12-2011 7:00,138.65745317188777
16-07-2011 09:00,144.14897133990152
04-09-2011 23:00,82.14161507320887
19-08-2011 12:00,124.8950284901466
15-10-2012 23:00,96.12424894056896
05-07-2012 17:00,569.753798350326
15-08-2011 09:00,266.26539438975726
14-01-2011 22:00,25.100060063699107
15-12-2012 16:00,461.4074488457769
01-04-2011 4:00,4.638329352017425
14-08-2012 02:00,7.506117575060661
11-04-2012 1:00,8.138123746297593
11-06-2012 8:00,390.93468809359655
14-03-2011 07:00,77.46549620478638
17-06-2012 22:00,174.29690478960293
16-09-2011 02:00,7.010170968106566
08-08-2011 19:00,462.1124438567233
19-05-2012 21:00,351.422207152296
18-05-2012 12:00,282.77170131919786
06-08-2012 22:00,154.8755291185731
19-09-2012 17:00,687.6234523527835
18-04-2012 07:00,193.44338982249607
18-02-2012 00:00,101.43552776184187
14-02-2011 19:00,186.88875456710386
17-08-2012 15:00,378.0547442617811
11-03-2011 16:00,121.52953884256597
17-05-2011 22:00,86.39495729766475
13-04-2011 06:00,18.83919432598262
17-10-2011 10:00,304.2162910660111
09-07-2012 10:00,447.17185149973864
10-10-2012 20:00,435.9224005543729
05-08-2012 22:00,148.86052021510102
18-06-2011 22:00,177.663695209602
09-06-2012 11:00,618.9680353332834
09-03-2011 12:00,60.39694182919061
12-04-2012 19:00,524.6326698860312
10-10-2011 20:00,226.26189702130623
19-03-2011 13:00,247.19101691078362
11-09-2011 15:00,453.4759289518291
13-06-2012 15:00,338.5351111188073
08-03-2012 20:00,306.01696162651155
12-01-2011 23:00,18.446234705099886
13-12-2011 03:00,3.35405422084419
05-08-2011 10:00,251.96777809506227
08-05-2011 23:00,57.75493245230709
08-12-2011 4:00,9.216888669760142
13-07-2012 17:00,753.1248764890961
09-10-2011 7:00,35.84748317321166
17-10-2012 00:00,37.65348326828145
05-07-2012 11:00,217.42664793457124
07-09-2011 11:00,57.59400213028613
10-02-2011 1:00,2.3511936096453376
04-05-2012 16:00,641.6724626674269
19-09-2011 23:00,72.74247754237051
16-12-2011 10:00,239.1361039612045
14-06-2011 07:00,158.57376028477384
06-11-2011 9:00,103.77578449315597
18-01-2012 17:00,256.4659431357974
09-12-2012 19:00,136.83458380097198
15-11-2011 18:00,381.992104786122
01-10-2011 12:00,288.30530463619596
10-06-2011 20:00,374.0623265188797
01-08-2011 9:00,220.00310088410376
08-07-2012 6:00,27.07731998079473
08-10-2012 18:00,375.55793518043447
14-06-2011 23:00,107.20107614883887
01-06-2011 0:00,33.40126629553439
02-08-2012 20:00,574.3625924058601
08-08-2011 9:00,276.22414404687186
07-06-2012 12:00,228.98318662150982
08-09-2012 22:00,179.76045428590265
16-12-2011 15:00,161.6852928162346
09-10-2011 8:00,69.47293892652321
19-08-2012 11:00,270.3569431845866
13-04-2011 17:00,188.03781825795696
11-03-2012 13:00,478.824125549904
18-09-2012 02:00,3.4550309300001123
05-11-2012 11:00,294.72448414227813
17-05-2011 15:00,162.2824625941069
11-06-2011 10:00,267.99698641940137
18-06-2012 17:00,516.2932932048424
13-06-2012 07:00,241.18459148708533
04-05-2011 18:00,297.634952993174
14-07-2012 22:00,237.68510312134552
07-08-2012 9:00,427.06753900156104
03-12-2012 20:00,346.9590826188943
17-07-2011 09:00,129.26874031865466
05-01-2012 10:00,215.4840859500294
01-09-2011 1:00,11.099690934719906
03-08-2011 2:00,7.69993020880124
02-05-2012 7:00,180.563387361823
07-02-2011 13:00,67.69600128048536
10-02-2012 5:00,21.952232931097214
06-07-2012 2:00,10.927058863715464
17-04-2012 17:00,590.4523050903699
06-10-2011 6:00,78.65471654774923
01-07-2012 14:00,516.8776188797581
04-09-2012 23:00,124.8941192329371
15-02-2012 15:00,203.820004473261
07-09-2012 0:00,54.238770816758475
13-07-2011 10:00,246.93105898248683
10-06-2011 21:00,226.87494944954796
19-01-2012 19:00,251.35534037508182
08-05-2011 16:00,389.8687762452473
19-12-2011 18:00,336.67629877448326
13-08-2011 19:00,207.96605089804615
10-05-2011 22:00,109.83660452093173
14-08-2012 16:00,487.75186483887796
04-09-2012 6:00,89.24233720961041
01-08-2011 21:00,171.9062839617104
03-12-2012 0:00,45.17328643079628
18-10-2011 14:00,161.53146648292497
19-09-2012 21:00,261.50521059414984
10-01-2012 13:00,123.12296432553534
17-12-2012 23:00,54.65953240655617
19-01-2012 22:00,63.54389768146443
15-04-2011 21:00,62.09637695410327
14-11-2012 18:00,458.2830817307159
19-08-2012 06:00,27.98173586352922
19-05-2012 16:00,582.5705901469227
05-03-2012 5:00,20.763934776083886
18-01-2011 13:00,30.31166815425076
01-02-2012 6:00,53.9193964030188
03-12-2012 16:00,467.5458696477457
16-06-2012 11:00,645.534221337512
12-02-2012 15:00,143.7026311503361
06-09-2012 6:00,100.78387835887942
03-08-2012 5:00,49.31514572384364
06-07-2012 15:00,323.42099662113156
07-11-2011 8:00,236.44680158589432
04-06-2012 14:00,236.45037266794947
18-11-2012 08:00,85.45185857992328
02-10-2012 18:00,466.49838232872173
15-07-2011 20:00,425.6706109957612
07-09-2012 17:00,829.9404235609348
01-11-2011 21:00,159.99301105425818
03-09-2012 13:00,485.924211965542
12-03-2012 1:00,7.276180386501565
17-10-2012 13:00,230.33086352060286
15-07-2011 00:00,62.96035244242112
09-04-2012 22:00,107.79582877844433
10-06-2011 7:00,150.81129153394352
15-02-2012 20:00,263.7421158232836
15-10-2012 20:00,339.2120266043578
08-08-2011 16:00,307.4062330238849
03-09-2012 1:00,31.176958851915483
01-12-2012 15:00,473.1876650103896
08-08-2011 7:00,151.98751452154525
06-10-2012 7:00,65.10762811702259
17-02-2011 04:00,4.688484838236105
07-11-2012 6:00,87.04744108318326
09-06-2011 6:00,60.0662245309725
07-12-2012 17:00,498.71456625310134
18-08-2011 00:00,47.45596679779358
18-09-2011 02:00,24.485707502341278
19-04-2011 15:00,137.6373600055517
03-10-2012 6:00,98.49455474358815
07-01-2011 14:00,42.9774143154188
11-08-2011 14:00,129.00246243469783
10-09-2012 10:00,445.0113535803791
04-02-2011 19:00,143.6611825249041
10-12-2012 21:00,170.91950910969163
02-07-2011 3:00,23.608663162273096
18-05-2012 21:00,332.1604243969469
02-07-2011 16:00,363.6328598368888
16-06-2012 07:00,71.28283519634459
05-02-2011 19:00,57.30885182382568
02-11-2012 8:00,441.3288310193478
19-07-2012 15:00,276.65035919116355
11-07-2012 13:00,225.9728541982272
09-01-2012 22:00,44.55095830820893
02-02-2012 0:00,29.49174037370671
11-04-2012 9:00,356.85364751891916
19-04-2012 03:00,6.719157588597574
06-04-2012 20:00,404.2519416458125
07-03-2011 4:00,3.448353468016872
06-03-2011 6:00,5.524425011203986
15-02-2012 21:00,151.1235782522011
07-06-2012 7:00,312.1493616141682
02-08-2011 16:00,361.362903156922
14-04-2012 06:00,24.38548244158575
14-10-2011 15:00,251.1588806142806
03-02-2011 8:00,107.57275060837183
17-12-2011 02:00,20.78724283019094
09-03-2012 10:00,257.2063332171009
06-08-2012 13:00,193.53565309320072
07-05-2012 6:00,104.29351401085292
03-02-2011 14:00,54.341289410393124
01-01-2012 10:00,115.74969298958577
09-06-2011 22:00,133.22216514768868
12-08-2012 11:00,498.3496685065062
17-03-2011 01:00,4.848841277449299
15-03-2011 10:00,142.453629969744
07-07-2012 10:00,257.08088127081186
06-10-2011 8:00,284.6316375451747
14-03-2011 10:00,137.47671418141988
15-03-2012 23:00,102.92647833563774
12-07-2011 9:00,260.16082407805015
08-12-2011 18:00,304.4197129850718
05-10-2012 5:00,47.10496979318202
15-05-2012 23:00,70.52942844411376
03-06-2011 14:00,169.21462992581255
15-01-2012 16:00,156.40062924127173
02-02-2012 4:00,7.758215066874171
14-08-2011 17:00,264.3064893756609
05-05-2012 12:00,788.6508431358179
12-02-2012 16:00,135.50685261614612
03-07-2011 4:00,15.709681257841499
06-06-2011 16:00,314.0096103940337
19-11-2011 06:00,13.348717641484049
13-02-2012 05:00,15.31289548295711
08-10-2012 10:00,556.4460104713289
05-11-2012 5:00,33.95516606750046
18-06-2011 20:00,260.53523548754373
08-01-2011 18:00,54.3361391464377
17-04-2012 11:00,246.55134931279866
14-07-2011 00:00,47.917983705448805
04-11-2012 8:00,96.70705606633167
04-11-2012 18:00,251.42069288870726
03-01-2012 7:00,118.98548910328859
02-11-2012 19:00,474.6314280385343
08-03-2012 4:00,12.377260988472031
02-05-2012 16:00,381.5952377246072
13-05-2012 04:00,16.1870241466779
14-09-2012 01:00,18.377990116448245
03-02-2011 19:00,141.03807163144705
11-08-2012 9:00,227.17887471255017
09-01-2011 7:00,5.777261991389511
12-01-2011 5:00,8.833979580512247
17-05-2012 14:00,236.171658628188
17-08-2011 07:00,165.87280421190545
19-01-2012 16:00,194.8813107698026
16-11-2012 00:00,46.27153638053907
01-12-2012 9:00,108.76815418857763
10-05-2012 9:00,452.24308819851683
15-05-2012 21:00,166.4514279540213
04-11-2012 11:00,487.026651266682
14-10-2011 03:00,6.492075558861517
09-07-2012 5:00,48.01784366438144
02-06-2011 17:00,485.6521319113182
06-07-2011 14:00,134.00861209653033
15-10-2012 04:00,14.38853034591922
12-08-2011 11:00,183.7754075688979
17-04-2011 16:00,250.24600106078094
08-01-2012 18:00,143.14991964733997
17-01-2012 23:00,57.46442510973079
10-11-2011 12:00,116.88026606911399
17-06-2012 15:00,624.3448558803539
04-05-2011 7:00,45.68107254010154
12-02-2012 23:00,23.906012536461176
05-05-2012 12:00,795.4658815915368
19-04-2011 22:00,81.4388246252897
17-05-2011 07:00,129.14086399983063
05-02-2012 15:00,206.6792963989931
18-04-2011 10:00,219.16601004454452
15-10-2011 23:00,99.52531837462865
13-11-2012 05:00,29.868010284742795
01-11-2012 10:00,265.0199504648576
08-09-2011 15:00,65.64821183719395
11-02-2012 14:00,224.70173511643247
04-11-2012 16:00,367.80759604077633
04-08-2011 13:00,112.85641956513395
05-11-2012 14:00,197.58068021723875
02-11-2012 15:00,238.79561685347943
03-04-2011 6:00,9.53482202582635
11-07-2012 10:00,428.13646847391334
05-09-2012 6:00,91.85367049493709
16-09-2011 14:00,165.19937819920648
10-11-2012 9:00,230.06847853021833
10-05-2012 5:00,45.246570772692564
19-03-2012 15:00,304.7483914788296
06-08-2011 16:00,197.40582760825598
16-04-2011 19:00,94.2590931028231
14-11-2012 11:00,258.2793908542264
08-04-2011 3:00,2.748754702401419
04-05-2012 15:00,356.8189842791521
09-10-2012 14:00,213.0802322350796
02-05-2012 1:00,12.467085912055035
07-07-2011 18:00,548.4004537095276
07-05-2011 21:00,208.0832796254422
14-02-2011 14:00,79.04058340740077
12-02-2012 22:00,35.657267422988305
09-03-2011 10:00,113.06769543659927
12-07-2011 8:00,250.889976328928
01-04-2011 19:00,210.54248441783602
10-11-2011 1:00,9.834848676373884
14-07-2012 13:00,641.9716313100391
14-09-2011 08:00,216.21048791161132
11-07-2011 14:00,148.32195888607694
19-04-2012 20:00,474.68782754019185
10-06-2011 14:00,140.5144446934493
15-07-2011 04:00,18.296347194365193
08-06-2011 16:00,311.0364666826306
11-01-2011 0:00,9.379177355859062
09-09-2012 7:00,59.95695229471647
18-05-2012 13:00,256.09057592509845
16-12-2012 22:00,101.20690791067713
02-10-2012 0:00,34.56436647301463
01-10-2011 19:00,138.66019162350295
12-06-2012 20:00,440.8869327814483
12-02-2011 20:00,71.87549722978031
09-03-2012 6:00,66.4983179411555
15-05-2011 04:00,11.608426599007826
12-02-2012 14:00,176.16193069162148
16-09-2011 01:00,13.32523348140665
01-03-2012 19:00,476.82994231978796
16-07-2011 07:00,40.977089462701926
03-11-2011 4:00,12.731588652655715
12-05-2011 8:00,293.25005482961575
17-01-2011 21:00,18.380052202230587
16-10-2012 14:00,232.27941099767762
07-05-2012 12:00,216.24129093936915
12-12-2012 19:00,395.08861080219987
11-08-2012 16:00,575.7637193281794
18-01-2012 05:00,23.25765828858068
11-12-2011 16:00,224.34982298812065
15-05-2011 08:00,51.18361933969075
05-04-2012 2:00,5.39420649010417
05-08-2011 7:00,162.5116485859878
17-04-2011 09:00,91.71948850866497
07-12-2011 19:00,73.30463266824162
07-11-2012 18:00,382.3806206736755
15-07-2012 20:00,266.7139503494875
05-09-2012 2:00,6.4664194487652775
11-12-2012 8:00,347.9782351071913
09-07-2011 21:00,243.4548650767052
07-12-2011 11:00,52.396034536093545
01-11-2012 16:00,346.549841011181
17-03-2011 00:00,18.49917863070567
11-08-2012 4:00,22.8243815332143
02-01-2012 23:00,45.806725949885525
08-07-2012 1:00,121.18300277976165
16-03-2012 11:00,244.0754258641334
19-12-2012 18:00,509.21211524955
19-08-2012 20:00,214.0886758879077
17-03-2011 10:00,147.35748999003255
04-03-2012 19:00,134.01579512259366
08-08-2011 3:00,5.39010342785752
04-12-2011 16:00,243.32717661928265
18-02-2012 11:00,272.78953657479906
09-08-2012 10:00,393.0224344571362
14-07-2011 06:00,94.65300290250545
17-01-2012 09:00,143.604090750071
15-05-2012 16:00,407.49470565250914
15-12-2011 12:00,129.28097659266743
06-11-2011 23:00,43.897552241850164
06-02-2012 22:00,64.70087387430094
07-07-2012 9:00,174.95993570800132
19-11-2011 20:00,142.5363005750569
16-12-2011 10:00,241.08289935749568
16-10-2012 05:00,30.680475907998996
10-02-2012 13:00,115.00163080415243
06-06-2012 8:00,445.5153886156324
17-05-2012 01:00,18.25218589606139
19-12-2012 03:00,5.9195554182214964
03-12-2011 10:00,153.12547920562213
10-01-2011 21:00,39.55154866118513
11-09-2011 4:00,14.019544404776981
19-06-2012 20:00,495.1198272786241
02-02-2011 22:00,42.13891545150649
11-05-2011 14:00,139.57480199054555
18-06-2011 15:00,364.1168748049498
05-06-2011 10:00,223.69268187728886
08-02-2012 18:00,167.9512566865692
15-07-2012 12:00,543.4571850147977
04-11-2012 19:00,203.42100888697678
02-08-2011 6:00,73.0714412323988
02-11-2012 3:00,9.394347305623404
14-05-2011 14:00,338.65599651104816
15-08-2011 18:00,416.6997104101133
06-08-2011 17:00,190.5546255920293
13-05-2012 16:00,521.2426792326772
15-01-2011 15:00,101.64843120921778
16-06-2011 05:00,30.51561868021558
17-10-2012 22:00,127.38666366272618
17-11-2011 08:00,164.30007080401953
17-07-2011 16:00,387.40749313368593
12-10-2011 15:00,74.8702949443233
13-08-2011 14:00,366.0925831346788
09-06-2012 4:00,24.734099385634984
09-08-2011 21:00,245.30443842431362
10-02-2011 4:00,3.905485423890054
10-04-2012 14:00,206.0067924823377
03-06-2011 7:00,189.8378778623412
12-11-2012 17:00,321.34985788658855
06-10-2012 10:00,458.490210383134
16-11-2011 15:00,69.03080182133917
04-06-2011 4:00,15.815751351727124
13-06-2012 17:00,713.181506669051
08-05-2011 12:00,457.85722935313765
05-06-2011 6:00,21.762495585216257
06-12-2012 8:00,402.4385114207176
01-02-2011 2:00,1.457418861365967
13-09-2012 02:00,8.449200718769903
01-10-2012 23:00,102.98950596244421
06-10-2011 14:00,165.33478604046024
14-06-2012 01:00,13.700585881710682
02-01-2012 5:00,4.04772786801593
18-04-2012 16:00,223.5392348127698
08-09-2012 17:00,215.5037234445474
03-04-2012 12:00,219.51822649547384
01-10-2011 2:00,27.937120081426823
13-04-2012 15:00,313.57817170170034
09-03-2011 13:00,47.456950287893434
10-05-2011 9:00,281.4311070414108
04-04-2012 6:00,91.4862319317318
15-02-2012 07:00,147.30787868730383
09-01-2012 4:00,8.431645824066004
03-03-2011 19:00,117.5748037422296
02-06-2011 22:00,140.06173156860754
10-01-2012 6:00,47.481032857276475
16-09-2012 21:00,253.09470856961136
17-01-2012 00:00,19.11669144976208
18-10-2011 06:00,63.843029567764624
19-10-2012 09:00,393.8112092937286
16-02-2011 16:00,176.9534557689819
07-04-2011 22:00,63.69239231909131
19-07-2012 18:00,740.7859912672507
10-03-2011 22:00,21.76607639391264
07-10-2011 13:00,156.9376467566433
06-11-2012 3:00,5.519344795780536
02-11-2011 19:00,284.1333762002943
15-03-2011 01:00,3.5795430643937394
10-02-2012 1:00,7.879110140818328
02-03-2012 5:00,34.04587363985505
01-06-2011 2:00,5.264331889759307
07-05-2012 10:00,367.3456963576288
14-01-2011 05:00,12.185333650590213
04-04-2012 0:00,33.884275546601934
13-10-2011 22:00,128.07678282104547
12-07-2011 20:00,402.5907082927981
11-02-2012 22:00,51.72796702851763
15-05-2012 19:00,604.6720633640729
11-12-2011 17:00,193.82070020521755
19-06-2012 12:00,218.71172854405586
08-10-2012 20:00,168.8736932601051
01-03-2011 23:00,29.077660550973246
19-07-2012 14:00,198.3794360899706
14-07-2012 17:00,243.0617718513125
04-06-2011 19:00,284.3858246496707
15-06-2012 00:00,54.38980012311997
13-06-2012 11:00,313.89400144218513
08-04-2012 16:00,459.06970503632846
14-05-2012 10:00,199.12895152392673
19-07-2011 05:00,35.932994445436215
11-11-2012 19:00,273.2378583242538
19-06-2012 07:00,218.14601561486185
02-05-2012 14:00,195.17221118657883
15-07-2012 10:00,303.44238550969607
09-07-2012 8:00,450.3645078900628
01-07-2011 14:00,183.80202057320605
12-03-2012 16:00,376.44580981007675
19-02-2011 04:00,5.06275265980295
12-12-2011 21:00,91.79639639377066
16-08-2012 15:00,345.745218113566
18-12-2011 06:00,9.890060519349246
12-12-2011 17:00,277.3708604552912
01-02-2011 18:00,160.01498662315322
08-02-2011 1:00,3.5208264214546547
18-07-2012 16:00,383.6646484161112
08-06-2012 11:00,326.05441299859206
10-06-2012 22:00,190.38039778552377
02-07-2012 20:00,458.1107039652039
04-05-2012 22:00,190.8014467371915
09-08-2011 8:00,234.39424160440598
13-12-2012 12:00,251.63070795822745
02-06-2011 10:00,240.28977627062858
04-11-2012 20:00,136.10167690903523
03-12-2012 7:00,221.50931110013948
03-12-2012 3:00,7.082781291578997
13-05-2012 05:00,18.250243250275183
11-04-2012 2:00,4.42471438892535
11-04-2012 5:00,29.426410952896447
03-06-2012 14:00,705.1964356232003
05-12-2011 14:00,129.6863423784287
02-08-2012 12:00,227.22067036077203
04-10-2011 7:00,129.9909480605707
13-04-2012 03:00,7.381067317212246
08-06-2012 13:00,230.45594456789942
11-04-2011 20:00,232.726315124206
19-11-2012 18:00,510.2451893642834
14-07-2012 22:00,237.59729835154957
19-02-2011 21:00,58.699988413317584
12-12-2011 12:00,128.15479604185666
06-07-2011 0:00,43.20050339498886
07-02-2012 16:00,254.30017820358285
03-07-2011 12:00,401.7988529694908
06-07-2011 10:00,126.50237321921578
13-09-2011 04:00,9.987683756103102
10-05-2012 0:00,35.98251157927747
12-01-2012 0:00,17.156022866755173
18-04-2011 22:00,79.05523430944994
15-05-2011 10:00,198.80974419021436
09-06-2011 4:00,9.95662064473233
07-01-2011 10:00,111.63638409156857
17-09-2012 19:00,523.5325585165558
12-03-2011 16:00,181.59931344004582
13-02-2012 22:00,59.615079475356694
12-06-2011 2:00,30.52295497345807
16-07-2012 23:00,122.5604307141465
11-11-2012 13:00,740.122147087905
13-04-2011 20:00,153.61170965306002
07-03-2012 17:00,510.7449890507184
07-07-2011 7:00,184.87005835825522
05-03-2011 17:00,157.83551865959524
19-04-2012 19:00,694.8000079712078
12-06-2011 22:00,117.98428957862285
10-11-2011 11:00,159.57490400649087
04-06-2012 0:00,37.14148078521015
06-12-2011 18:00,249.95648173209932
12-08-2011 21:00,234.94833792779394
09-03-2012 22:00,73.52792558548771
04-05-2012 8:00,471.979533339044
10-01-2011 3:00,1.5798536421602152
04-09-2011 17:00,325.3857028108854
06-10-2012 3:00,30.031709949605677
17-04-2012 09:00,306.8010882279334
08-04-2012 10:00,327.7180959855517
08-10-2011 18:00,319.536690486426
08-03-2011 7:00,74.277465792771
19-09-2012 05:00,41.03143185683821
07-03-2011 16:00,116.50594385516749
04-02-2012 11:00,279.84625510673357
13-05-2011 08:00,261.2721260591134
14-09-2011 21:00,181.0597527167115
07-10-2012 10:00,302.57349029435187
17-11-2012 03:00,15.942661782205457
04-09-2011 7:00,36.32391456461926
07-06-2012 8:00,497.86200242499376
08-08-2011 2:00,4.94818890196464
03-07-2012 15:00,304.81719687460156
04-08-2011 21:00,188.253275282814
03-04-2011 17:00,201.90120309772493
01-10-2012 9:00,467.3613239551546
05-08-2011 17:00,505.5404486162642
14-08-2012 05:00,37.10528570754552
05-12-2012 12:00,219.25095008200137
03-05-2012 5:00,41.108776189671005
18-02-2012 09:00,102.048944493829
05-09-2012 14:00,243.62457109272964
07-12-2012 20:00,276.2259327712388
17-11-2011 08:00,169.98440193195648
07-02-2011 1:00,3.088904226580175
17-03-2011 19:00,235.13161581277728
12-09-2011 22:00,93.99977665075193
13-06-2011 16:00,333.23392233460373
19-02-2011 14:00,155.4790081653548
15-05-2011 12:00,394.9495969762353
15-04-2012 15:00,557.8747243516918
01-12-2012 22:00,145.8310139710683
04-08-2011 12:00,126.97580438123586
19-10-2012 15:00,398.6333390147536
13-06-2011 13:00,132.18085414907702
16-11-2011 20:00,118.42670426932838
14-12-2012 21:00,180.34849176074655
10-07-2012 17:00,591.3178515958028
03-01-2011 15:00,67.71446457339293
15-06-2012 04:00,18.70572583538739
09-02-2011 10:00,116.65456036355981
01-03-2011 22:00,42.45366519123645
11-02-2011 6:00,31.648926829410655
03-01-2012 4:00,6.823924138631196
01-03-2011 1:00,2.794157367531086
03-10-2011 4:00,10.545168606874174
02-09-2011 15:00,204.398489271397
01-04-2012 6:00,19.61429162050124
14-05-2012 17:00,279.53991126669246
03-02-2012 13:00,127.1326312922891
05-10-2012 0:00,64.73064370177873
07-02-2012 13:00,120.63675978462629
13-05-2012 18:00,369.3035640881759
16-08-2012 14:00,218.20616230772856
09-02-2012 23:00,57.281090568127496
13-01-2011 06:00,30.94431621601642
10-10-2011 9:00,208.8486488017459
12-03-2012 19:00,446.50696859024555
15-04-2011 15:00,230.92735435045512
06-03-2011 3:00,6.67888484371502
15-01-2011 03:00,4.2994241925654135
06-02-2011 3:00,6.498009426552627
04-05-2012 4:00,21.42411510697324
06-02-2012 20:00,191.4684365272048
10-03-2012 16:00,302.87401322916537
07-09-2011 5:00,19.766370762132166
14-12-2012 05:00,40.65139525127492
05-06-2011 22:00,118.41101796398036
03-01-2011 14:00,52.72025639223769
16-07-2011 01:00,74.2652224576442
12-03-2011 9:00,64.52916669806606
08-05-2011 7:00,30.64048680682374
09-11-2012 8:00,430.8343291072774
09-02-2012 2:00,3.423141513263882
02-10-2011 16:00,126.22270867918286
18-12-2011 09:00,65.64596156341045
04-08-2012 20:00,418.62944979528294
03-08-2012 23:00,140.6390957711222
19-03-2012 08:00,332.26291982572286
16-02-2012 14:00,74.40981430279845
06-08-2011 10:00,194.4629052546665
07-01-2011 13:00,43.85244493449493
14-11-2012 19:00,408.4981427263058
05-08-2011 5:00,32.72455531047538
16-10-2012 16:00,426.6084900784774
07-09-2012 11:00,365.61726536202394
06-11-2011 7:00,25.67235909075203
19-02-2011 23:00,31.403355587976968
04-04-2011 9:00,239.30650416861693
10-11-2011 4:00,12.58945594512785
16-10-2012 21:00,222.8876069864336
09-05-2011 22:00,105.22160291996728
02-02-2012 1:00,7.103593345907437
09-05-2011 14:00,161.3189168279303
11-09-2011 11:00,390.98616574357334
04-01-2012 23:00,53.020905134416665
18-06-2011 07:00,43.50568322385075
18-03-2011 09:00,195.26348768701348
12-09-2012 12:00,284.4316046162066
16-07-2012 04:00,16.912228441014697
05-05-2012 13:00,833.554231155437
14-11-2011 16:00,285.65582159602695
11-06-2011 8:00,83.72656060327155
14-12-2011 02:00,3.1963016857626037
10-07-2011 20:00,242.15314559745374
12-10-2012 9:00,503.64561531785904
01-04-2011 7:00,50.09039455898067
17-05-2011 14:00,111.27156021168145
03-01-2012 20:00,135.09190532019363
15-06-2011 09:00,312.10978288151614
19-02-2012 00:00,122.851680292965
10-06-2012 9:00,233.29522813881482
17-05-2012 21:00,287.6486489786837
14-03-2012 09:00,410.6205389134844
12-05-2012 17:00,468.64064593268773
13-08-2011 08:00,68.43444623421522
10-04-2011 1:00,30.097575313661665
05-05-2011 1:00,10.706888837283094
15-09-2011 04:00,12.619834899223996
12-05-2012 1:00,88.54570724457466
07-12-2012 12:00,217.18322373924997
10-11-2012 14:00,742.3848170375015
14-01-2012 14:00,237.22430840431713
07-07-2011 13:00,112.60258084141287
18-01-2012 06:00,61.46803854267091
19-08-2011 18:00,599.2948473294568
14-04-2012 20:00,281.0675065723659
08-10-2011 2:00,30.500310560661
01-07-2011 22:00,157.74586029705034
11-12-2012 3:00,4.665150254716996
08-02-2012 16:00,114.18460772047092
12-10-2012 4:00,17.239004240514593
13-10-2011 07:00,96.12562391000301
12-12-2011 13:00,117.92838410490148
18-05-2011 17:00,347.21773488633835
19-06-2012 15:00,283.04944556175724
08-01-2012 16:00,205.3728437465898
07-09-2011 0:00,22.816795498513205
09-02-2011 7:00,68.72452655487146
12-10-2012 18:00,704.2836685802596
09-01-2011 22:00,17.0603217170327
11-11-2011 2:00,8.610394608399787
12-06-2011 8:00,76.80809090703674
09-08-2012 7:00,233.78045606516574
11-06-2012 23:00,119.03691486580519
10-11-2012 6:00,26.32742326565929
10-02-2012 22:00,73.62582914244541
04-11-2012 10:00,338.2177617905625
04-08-2012 13:00,704.6565341083007
07-01-2011 22:00,29.03699797989557
08-10-2012 6:00,41.17805223971173
14-12-2011 08:00,173.14963589554372
14-06-2012 14:00,250.80613536105434
15-06-2012 14:00,253.41855004793874
01-08-2011 0:00,43.75054802061884
16-07-2011 03:00,19.785956393814622
02-07-2012 23:00,121.60195013784944
13-04-2012 00:00,44.84190886251945
12-05-2012 19:00,380.38895029828905
09-05-2011 5:00,30.529364734716086
06-01-2011 19:00,124.47016827651474
03-10-2012 5:00,37.24024543956469
17-07-2012 18:00,708.4675252516622
12-01-2011 15:00,48.73369178768516
01-04-2012 1:00,48.181728968153394
02-06-2011 6:00,66.51543760166554
10-12-2012 3:00,7.023520850570333
16-08-2011 00:00,37.333330571854816
19-12-2012 01:00,10.189326689678946
16-01-2012 18:00,106.77091588697942
01-09-2012 13:00,721.6811887379101
11-04-2012 12:00,168.0055943743905
12-07-2011 9:00,261.3918364319507
08-02-2011 14:00,55.305130863149195
19-12-2011 07:00,132.30006501555454
10-03-2011 16:00,65.82354270086712
06-12-2011 2:00,3.908798023892436
12-08-2011 5:00,38.46281651194573
15-09-2011 17:00,114.25293182286622
04-01-2011 16:00,95.80440813042166
07-11-2011 11:00,199.42710265584117
05-07-2011 0:00,50.51587327261189
04-03-2011 5:00,10.861790631012084
01-09-2012 11:00,552.8359882710484
05-05-2011 17:00,411.98762227674945
10-06-2012 10:00,366.12546513421626
12-05-2011 6:00,90.88592163415052
03-03-2012 20:00,211.04525659433943
05-10-2012 15:00,456.6827997535245
15-08-2011 19:00,374.590141145888
11-06-2012 3:00,7.888955114989766
17-06-2012 13:00,757.6221125419256
01-02-2011 15:00,76.9602448709377
01-12-2012 1:00,62.875783771221684
06-03-2012 12:00,149.81536233879706
04-08-2011 23:00,107.8316777973613
11-03-2012 17:00,316.7795172215694
10-10-2012 9:00,522.1748629626869
10-07-2011 19:00,285.61770129381387
06-03-2012 18:00,367.7598032594153
14-04-2012 05:00,17.91664949616373
02-11-2012 17:00,514.9417413275758
07-04-2012 19:00,298.7947241319101
06-04-2012 23:00,97.61645172487388
10-07-2012 8:00,340.41488799793706
10-03-2011 10:00,45.61987939921323
05-08-2012 19:00,266.46241541549506
19-09-2012 20:00,465.39604128967767
03-10-2012 4:00,14.681492289296
03-11-2011 10:00,230.40484726176047
10-02-2011 11:00,74.15234652544626
01-06-2012 22:00,116.55851739338405
15-02-2011 01:00,2.9450449645575625
19-04-2012 15:00,313.4562096866098
18-05-2012 07:00,293.1760753458443
18-06-2012 06:00,73.85775611195052
14-06-2011 18:00,505.78486484159896
08-09-2012 18:00,209.73762441486954
03-06-2012 0:00,217.23994972505753
02-06-2012 23:00,214.87653954424707
15-09-2012 22:00,279.7747634398776
19-01-2012 09:00,272.94268413592476
14-01-2011 16:00,89.57748839662999
19-10-2012 21:00,262.58364139423236
18-05-2012 10:00,454.8880352787722
10-09-2011 2:00,20.74022732466668
19-11-2012 15:00,272.07236305758005
18-01-2012 01:00,8.276879592156352
13-12-2012 10:00,423.6882287916039
12-02-2012 16:00,138.76947078788737
04-09-2012 0:00,36.80336660204001
09-04-2011 21:00,60.65647845046114
04-03-2011 13:00,75.21900391743286
06-08-2012 10:00,354.2875267419072
10-09-2012 11:00,351.73928982582333
08-07-2012 21:00,232.0174181118857
18-06-2011 23:00,142.30197280367355
18-02-2012 10:00,176.97414746037404
09-11-2011 11:00,167.99345203206414
14-02-2011 08:00,109.72431450212414
15-02-2012 10:00,253.14398706835811
06-06-2012 15:00,304.6392843758689
12-09-2012 23:00,139.0638541799875
13-05-2012 15:00,579.49133828291
19-07-2011 18:00,524.8888443923605
14-06-2012 18:00,866.115862830534
18-09-2011 19:00,207.49668554056623
15-07-2011 08:00,340.5702832212147
17-06-2011 04:00,12.032620588046715
01-01-2011 2:00,7.452391134118497
15-03-2012 21:00,243.79730704505403
19-09-2011 01:00,10.118324804189164
07-10-2012 0:00,242.19490414652716
02-05-2011 11:00,197.09366457183316
01-05-2012 21:00,253.90148262278913
10-11-2012 12:00,840.2808926532405
03-04-2011 13:00,333.3907396522251
10-02-2011 14:00,50.54045205416024
19-03-2012 05:00,31.68997567834092
15-01-2011 04:00,2.854431594477157
17-04-2012 17:00,592.2943279076683
07-01-2011 7:00,68.40756745902719
07-11-2012 23:00,60.415809870503566
18-06-2011 10:00,261.1601820059421
10-06-2012 20:00,327.8169714203779
09-09-2012 15:00,739.1946958095273
11-10-2011 17:00,331.9418375503177
15-04-2012 12:00,644.1282977778199
11-12-2011 15:00,254.27528266615178
19-09-2011 12:00,159.5822820005788
06-02-2012 5:00,17.629119771300473
15-04-2012 02:00,38.29984819564124
18-06-2012 11:00,293.19304537923426
02-07-2012 6:00,106.03811621298854
09-04-2011 7:00,14.851301668862552
03-09-2012 23:00,119.142748614674
14-09-2011 02:00,4.610732907045842
01-12-2011 19:00,322.2837416574717
12-05-2011 0:00,38.820143936673865
07-11-2012 2:00,5.33333210760852
10-10-2012 23:00,111.47393067901893
15-10-2011 07:00,38.52775480117296
10-07-2011 0:00,282.8248350268739
12-04-2011 8:00,84.47842225322988
04-05-2011 3:00,1.7629496760510248
18-10-2011 05:00,22.268778456482273
04-11-2012 22:00,74.60440243685223
18-08-2011 10:00,242.9200283369761
03-08-2011 13:00,125.61546287611085
12-05-2011 21:00,216.54457795579597
02-09-2011 6:00,80.23642376675876
13-08-2012 21:00,257.682989693774
15-07-2012 10:00,304.59666465511225
03-04-2011 17:00,203.28927917660172
14-05-2012 14:00,206.99677610185546
19-12-2012 11:00,276.257748092016
09-04-2011 12:00,210.33537171524586
07-10-2012 21:00,143.103872993412
02-07-2011 13:00,446.9251514315831
16-12-2012 03:00,16.412255198298723
08-02-2012 5:00,22.498192979772732
13-01-2011 10:00,88.38771468455175
18-04-2012 05:00,30.8293784011931
05-02-2012 12:00,234.91645343229246
11-02-2011 23:00,28.7321556254808
06-12-2011 11:00,80.489116802085
08-10-2012 3:00,18.29154800416118
02-03-2012 22:00,83.89760780144499
15-03-2011 04:00,4.346447284084347
13-04-2012 01:00,12.107250245801632
09-09-2011 8:00,133.02467799400625
03-12-2011 1:00,41.16376731082191
09-04-2012 17:00,542.709274922318
08-12-2012 22:00,154.5838534557737
13-12-2012 13:00,213.2412113255508
16-12-2012 19:00,201.588583430092
16-02-2011 14:00,88.9527909239495
10-11-2011 10:00,220.39329668579592
16-01-2012 19:00,96.036774880125
09-09-2012 5:00,21.365859968645623
19-01-2012 20:00,191.6948985662008
12-10-2011 19:00,193.88136265900346
19-08-2011 15:00,206.74587366033404
18-01-2011 13:00,31.73754969568394
06-07-2011 23:00,92.3883933251609
18-05-2011 09:00,113.57919337647687
01-06-2012 21:00,210.20905270387289
19-03-2012 01:00,9.708258243987181
12-03-2011 20:00,115.1903067365858
18-07-2011 12:00,152.7301142968634
10-11-2011 1:00,10.469939509963721
12-09-2012 7:00,262.41203388427033
01-05-2012 16:00,422.2067354462047
11-12-2011 17:00,195.7304376578991
11-03-2011 20:00,127.06963592286638
13-10-2011 10:00,137.14073920522875
05-07-2012 19:00,673.8292415694074
05-05-2011 14:00,143.05318258005013
18-06-2012 10:00,231.37708136937638
02-03-2011 18:00,232.62485192488526
13-05-2011 10:00,256.0881535937337
02-11-2011 8:00,234.32513689996898
18-11-2012 04:00,11.58550227067813
17-02-2011 13:00,69.30868962299878
19-01-2012 22:00,62.93614443220513
16-05-2012 13:00,189.65458346978633
15-11-2011 10:00,233.50424111865038
11-05-2012 1:00,20.217580333814944
02-01-2012 20:00,84.87232042682565
09-11-2012 9:00,436.4809778867764
19-03-2012 19:00,570.0976314859774
03-12-2011 8:00,41.14242668897031
03-10-2011 12:00,141.81619664368804
11-11-2012 18:00,341.09704464167976
07-11-2011 4:00,11.625833570921802
08-01-2011 14:00,98.84035026834637
14-01-2012 21:00,83.83046876216221
14-11-2011 20:00,290.12622341967307
08-02-2012 19:00,161.5105623933242
18-02-2012 01:00,43.802952389439525
06-08-2011 19:00,170.62251869648884
04-12-2011 11:00,170.37318007577773
11-04-2011 17:00,350.0436763138713
08-11-2012 9:00,398.86700794195144
15-12-2012 17:00,414.411917996998
15-06-2011 21:00,238.51550229637257
09-03-2012 4:00,7.19302080984733
03-05-2012 9:00,451.3240187125498
14-04-2011 13:00,98.08179285512794
01-10-2012 19:00,556.0075615472998
04-08-2011 15:00,194.31157851332978
14-02-2012 09:00,254.81443811840452
16-11-2012 22:00,125.9457514923807
01-04-2011 21:00,102.93983705329529
03-12-2012 12:00,246.02281828586646
15-05-2012 20:00,310.51932151426297
17-09-2012 23:00,60.778352845209504
18-06-2011 17:00,325.2282070241809
09-09-2012 19:00,414.5165609539057
14-11-2011 06:00,73.2825267813806
16-08-2012 09:00,471.07336587321026
04-08-2011 19:00,444.91330616867344
06-09-2011 20:00,138.848372387485
12-04-2012 15:00,259.56699853699286
07-01-2012 11:00,228.79658422636894
10-03-2011 12:00,29.890219230660506
15-12-2012 01:00,59.28400235398979
07-12-2011 12:00,36.981970246111594
10-04-2011 20:00,92.98629449244177
14-02-2011 06:00,30.373202068354487
08-03-2011 20:00,135.39598019485194
13-09-2011 14:00,165.37648572116726
07-02-2012 21:00,136.83588092101866
14-05-2012 04:00,14.213939896972814
09-05-2011 0:00,37.43120261419729
10-01-2011 6:00,30.21291273650832
15-05-2012 10:00,336.51091994378737
16-04-2012 14:00,579.254180089515
15-01-2012 14:00,199.89264841352843
07-12-2012 3:00,7.836787181130712
09-05-2012 18:00,195.4999245315817
05-03-2011 23:00,39.37975149442201
17-09-2011 15:00,284.46889712389293
16-03-2011 21:00,76.24066544645956
15-11-2011 20:00,262.246554572902
10-06-2011 23:00,99.28838974681817
13-01-2012 16:00,226.7285811783484
11-06-2011 2:00,33.611952180229885
19-10-2012 12:00,301.28795244881644
08-10-2012 12:00,931.2439948283019
06-11-2011 12:00,461.0919248480122
07-12-2011 21:00,32.8647708460741
08-10-2012 0:00,84.81981930245107
16-08-2011 19:00,542.0128791475568
17-11-2012 15:00,459.380265856245
13-02-2012 18:00,300.6948626409876
10-12-2011 23:00,56.48851413031825
16-01-2012 23:00,24.352094663674656
10-11-2012 0:00,121.07911716352848
08-10-2012 11:00,812.6241150136455
16-08-2011 15:00,222.86686313108834
09-08-2011 19:00,555.4072899618773
10-05-2012 18:00,676.5626917355686
16-02-2012 15:00,109.72795941982336
04-12-2012 22:00,121.69418997788488
12-05-2011 4:00,14.062666311789457
07-07-2012 5:00,21.81414450798978
18-03-2012 11:00,324.4699736728387
01-07-2012 16:00,448.98227255684776
18-06-2012 03:00,8.101673871935034
10-07-2012 23:00,143.12739400414605
02-02-2011 19:00,167.908445444451
07-12-2011 18:00,108.23082527915616
14-03-2011 06:00,35.79522583867371
18-09-2011 15:00,381.22271332375044
17-03-2012 06:00,17.791092083204298
06-10-2012 8:00,141.60757117414454
10-11-2011 10:00,219.81300623082845
08-06-2011 1:00,9.620929895455113
14-07-2011 08:00,309.1532005555137
01-08-2011 10:00,210.01421038314996
18-12-2012 00:00,34.48589219113219
09-02-2012 14:00,124.57338775479937
03-04-2011 19:00,132.76175489145146
03-06-2011 1:00,15.015110890261766
15-09-2011 22:00,110.85934326965675
01-01-2011 10:00,59.05796474647228
13-03-2011 21:00,47.26358177818021
05-03-2012 13:00,114.18845369778896
14-11-2011 02:00,5.319313579387817
02-09-2011 7:00,169.88464966179325
13-08-2011 18:00,246.7153932115662
14-10-2011 07:00,116.91600617778015
14-02-2012 02:00,2.3436143116677006
05-05-2011 8:00,272.0113197438288
06-08-2012 5:00,38.097351107950054
06-09-2012 0:00,43.30868208865839
17-01-2011 10:00,79.82297512532291
07-04-2012 17:00,380.43997653622296
18-10-2012 18:00,687.5272803790863
05-11-2011 14:00,395.899393079995
09-03-2012 7:00,141.82149292392367
04-08-2012 12:00,682.7911599250963
15-10-2012 08:00,356.89926764877237
07-09-2011 9:00,114.2667661949138
12-01-2011 13:00,42.86438224999823
13-10-2011 16:00,340.1028185271979
06-10-2012 16:00,569.0922724297515
09-09-2011 3:00,5.487542632417991
15-09-2012 03:00,27.517634314286386
07-04-2012 7:00,45.18895341996082
02-04-2012 4:00,11.312833262572738
01-06-2012 11:00,269.8989946846144
11-12-2012 22:00,101.13882351992302
04-11-2012 3:00,17.628681172661636
19-04-2012 22:00,176.40612173424933
14-08-2011 19:00,199.76112498500177
12-11-2011 3:00,10.66717866893698
15-09-2011 14:00,128.6633264359753
01-07-2012 13:00,517.2853834106479
11-11-2011 22:00,52.52924668004401
12-11-2012 8:00,136.06920065210943
06-12-2012 19:00,466.9466309950534
15-07-2012 18:00,205.6935662203723
05-05-2012 8:00,133.7251838141878
04-06-2012 15:00,308.6275715125067
13-01-2012 04:00,7.6457094586244105
05-12-2012 13:00,200.1852312339891
11-06-2011 1:00,68.21721890000458
12-04-2012 3:00,6.326802590551387
10-09-2012 21:00,264.6313101119744
18-05-2011 07:00,129.77707021409464
02-03-2012 21:00,81.01127565843882
16-01-2012 15:00,169.99905104174047
12-08-2011 13:00,140.3991927752175
14-05-2012 13:00,192.37786291115924
16-11-2011 20:00,110.7615226012559
16-01-2012 04:00,4.174220526665163
17-02-2012 05:00,21.6461769015121
08-01-2012 17:00,176.45764169786503
14-08-2011 03:00,14.807371526932213
19-04-2012 09:00,425.6324468325907
17-07-2012 02:00,6.481094596921286
11-11-2011 19:00,101.06824010906266
17-09-2011 17:00,237.7594368996203
05-12-2011 3:00,4.3122341138147355
01-02-2012 11:00,204.75307716759067
05-07-2011 9:00,310.9840142382605
06-11-2012 1:00,7.5732181642322205
12-09-2012 16:00,542.3028238509751
14-03-2012 07:00,191.9952969753184
12-07-2011 19:00,544.4110258066022
15-05-2011 05:00,7.996680261262939
16-06-2012 17:00,478.39242063455765
03-04-2011 1:00,30.451072278784554
11-09-2011 14:00,472.8873177163732
06-05-2012 18:00,365.3193697447444
02-10-2011 14:00,192.12074386967254
01-06-2011 17:00,463.891178347282
18-08-2012 04:00,23.594646615635586
12-01-2012 22:00,99.09944730430387
02-09-2011 2:00,7.102564396115952
06-04-2012 0:00,42.297426845394256
04-05-2011 8:00,66.3739834581548
14-03-2011 07:00,76.25314655259416
19-10-2011 08:00,155.3171169131291
15-04-2011 19:00,86.10570155546614
08-03-2012 13:00,154.84946191680837
07-08-2012 2:00,6.9089077395342215
04-04-2011 3:00,3.6929461896812388
02-12-2012 21:00,158.58319555668072
08-05-2012 3:00,5.808433067516197
02-06-2012 2:00,34.780669050987335
13-07-2011 08:00,247.2370068407352
11-09-2012 8:00,424.2776718876555
07-09-2012 0:00,55.23153998004097
13-11-2011 17:00,255.62976458946557
02-03-2011 3:00,1.6723752449488214
03-02-2011 13:00,50.034408439047844
13-03-2012 23:00,92.90335516846683
03-05-2011 16:00,282.26746200163194
13-10-2011 04:00,9.82442297411736
06-09-2011 5:00,15.282859666633362
13-06-2012 09:00,428.639785138206
07-03-2011 21:00,56.08295199311987
01-08-2011 7:00,130.46332224851812
10-05-2012 21:00,262.1152186850194
17-02-2011 06:00,35.51196009083853
15-08-2011 21:00,174.01037594014016
15-02-2011 00:00,13.060201878010549
02-01-2012 22:00,56.926176019839104
16-12-2012 01:00,78.01864643919086
04-05-2012 7:00,292.030138861939
09-02-2012 4:00,7.976150285120348
10-09-2011 4:00,12.053205991502857
17-09-2011 12:00,376.19396231640667
19-11-2012 11:00,286.99748398845037
16-05-2011 16:00,182.35575989157348
03-05-2012 23:00,178.48161067219178
03-03-2011 22:00,34.304165952366425
17-03-2011 20:00,158.60881162556998
13-08-2011 20:00,181.2821604673806
04-02-2012 14:00,268.27772947082957
11-09-2011 13:00,511.1589418105135
02-06-2011 18:00,572.6345328439261
09-12-2011 17:00,280.08370561927654
03-01-2011 22:00,24.526541536252232
06-03-2011 10:00,76.72382475622841
12-07-2011 21:00,247.36047075806752
13-08-2011 22:00,119.08348712969655
17-06-2011 00:00,36.09006274029655
15-10-2011 20:00,222.01556964086757
10-05-2011 13:00,137.91641723813822
05-02-2012 23:00,34.970573843951726
16-06-2011 11:00,183.84706533540233
19-06-2011 01:00,89.22257691937318
15-04-2012 01:00,86.20605528287422
04-02-2011 15:00,88.52804709024898
10-01-2012 4:00,6.738676251270649
04-12-2012 3:00,6.2069632171239295
01-09-2011 19:00,524.9970763616022
09-11-2011 22:00,93.34397276187931
10-10-2012 0:00,37.35999460006093
12-10-2012 22:00,126.67591118581618
02-07-2011 21:00,248.38567203560223
08-06-2011 23:00,103.42218583860402
09-03-2011 16:00,88.70755411806564
11-02-2012 1:00,46.310107646428406
05-02-2011 17:00,57.67623016569139
03-01-2011 0:00,14.299180240032156
11-08-2011 13:00,131.9623750634298
13-12-2011 14:00,130.1436945412769
19-12-2011 19:00,308.2808242902634
01-03-2011 3:00,1.5123441197995806
16-08-2012 06:00,135.1954633363669
14-10-2012 02:00,41.983906709713736
04-05-2011 9:00,71.00262038709093
09-09-2012 21:00,252.47745231378426
09-05-2012 16:00,389.07662160092764
06-08-2011 0:00,157.44783147669756
08-09-2011 6:00,37.440054771208786
17-09-2011 04:00,13.55591328153136
02-02-2011 20:00,102.42198600965051
08-12-2011 13:00,106.58524315731478
12-04-2012 11:00,281.1505032663344
06-01-2012 3:00,5.148478572657789
13-11-2011 18:00,216.2692418939405
12-04-2012 16:00,371.2358310292244
13-05-2011 23:00,55.76921432250407
02-01-2011 4:00,2.869947612132521
11-01-2012 21:00,59.164952825795716
02-10-2012 1:00,9.915941051159153
03-08-2012 19:00,731.9962032797378
15-09-2012 18:00,471.6985888262261
12-05-2011 20:00,384.4606418804558
19-04-2011 11:00,146.6340727776513
11-03-2012 7:00,24.884608509411876
07-11-2012 22:00,81.99339063712414
11-05-2011 21:00,179.55433567289492
17-03-2011 18:00,224.9317101424242
11-02-2011 20:00,107.55659613069156
09-02-2011 16:00,115.75527163178108
07-10-2012 20:00,196.27597712567666
09-01-2011 13:00,98.87049314929624
13-04-2011 15:00,83.94072972718705
13-06-2011 12:00,166.07131756627658
07-06-2012 20:00,550.5007595146893
05-01-2012 21:00,134.31797542778855
05-09-2012 10:00,354.0421584994479
15-05-2012 15:00,285.1917528729762
17-08-2011 01:00,12.402893452525886
03-08-2012 3:00,12.083761105077794
19-05-2012 19:00,461.3769272536632
02-01-2011 2:00,7.852123330256992
16-01-2012 22:00,54.02971950777841
01-09-2012 10:00,398.40246153286387
16-06-2011 18:00,451.99218079907627
10-10-2012 13:00,266.02235203078965
13-01-2011 18:00,125.26716996065004
10-02-2011 8:00,102.81787895834108
10-05-2011 2:00,4.706873233918634
12-07-2011 7:00,156.87127979856055
15-04-2012 20:00,258.65692382626617
02-07-2011 22:00,195.8483516874081
04-07-2012 11:00,541.7059001491307
09-08-2011 2:00,5.652658953550411
09-10-2012 13:00,192.15416621081897
17-11-2012 20:00,202.14170185552905
06-09-2012 5:00,38.241874033908346
13-06-2011 04:00,12.86300218226351
05-09-2012 1:00,11.715191575954801
08-07-2011 13:00,143.7582894864383
04-10-2012 19:00,919.9483440150055
02-10-2011 6:00,15.23001051116759
18-06-2011 06:00,24.328035023586654
19-11-2011 23:00,75.24988233731501
09-04-2012 2:00,5.261370342981703
07-01-2012 4:00,9.892266009575275
01-05-2012 6:00,54.87874706058169
19-03-2011 12:00,219.9256498839218
06-04-2011 4:00,5.578939179198419
07-11-2012 12:00,177.4327844243473
19-06-2012 08:00,364.1195454032378
10-03-2011 5:00,3.8436874234388787
12-03-2012 21:00,158.26586001156
16-04-2012 03:00,16.188895268044796
17-12-2012 06:00,95.98544861573421
16-12-2011 18:00,343.8152481566632
16-10-2011 14:00,489.1072112562322
12-09-2012 22:00,178.9214847561057
15-03-2012 17:00,720.5810796259611
07-04-2011 7:00,105.49250708862144
11-11-2011 8:00,71.68745317628789
09-08-2011 10:00,246.02466155497822
09-07-2012 20:00,486.2973777537322
03-06-2011 9:00,326.1214022997869
12-01-2011 18:00,104.2643496096481
14-01-2011 00:00,14.643973410348515
14-08-2011 14:00,338.4239861736387
08-05-2012 11:00,235.72519643757687
09-11-2011 11:00,169.81714310053763
03-12-2012 21:00,185.4984867279606
10-08-2012 6:00,79.7165709297705
01-08-2012 1:00,14.947753298409209
09-06-2012 13:00,743.1821271981871
14-09-2011 22:00,115.78598016002088
04-07-2012 13:00,560.2391621604364
01-11-2012 12:00,145.5348408274844
01-10-2012 17:00,583.0618256942074
14-02-2012 20:00,250.84913581426883
13-01-2012 16:00,227.68275215438098
05-08-2011 16:00,341.4705517795883
16-05-2012 06:00,89.57258397781763
05-04-2012 20:00,394.92789252555593
10-10-2011 1:00,38.77809587226042
07-03-2011 17:00,161.67720389674201
02-09-2012 12:00,477.83430373732796
08-07-2011 4:00,15.900627173096412
15-06-2012 09:00,495.39683443825317
12-01-2011 7:00,62.09414858321681
14-08-2012 23:00,147.50352476330931
13-12-2012 17:00,524.5817908457382
14-12-2011 09:00,235.80349719396597
11-03-2012 21:00,124.87718618243335
06-12-2011 9:00,213.5949555925051
19-10-2012 23:00,103.70878325579996
18-09-2011 09:00,135.4561684946336
08-04-2012 22:00,112.80319116052067
04-01-2012 21:00,112.06694614165288
15-09-2011 11:00,182.73475619722274
15-05-2012 13:00,105.4211785446402
18-12-2012 22:00,121.55728403438768
19-06-2012 23:00,148.03406711188677
05-07-2011 12:00,157.82419504403256
07-08-2012 9:00,424.413764546893
19-11-2012 22:00,128.17735261745383
16-09-2012 16:00,601.4899446319888
14-12-2011 16:00,200.42722596057607
01-04-2011 22:00,59.84362916295581
02-03-2012 2:00,5.830093036143526
16-04-2011 23:00,49.49506048773358
07-09-2012 21:00,327.95832214142456
09-07-2012 23:00,129.64225643175695
10-12-2011 0:00,91.55084429828419
10-01-2011 3:00,1.6637519758636803
13-10-2011 19:00,389.01530958131207
05-01-2012 14:00,127.12114686603233
02-08-2011 1:00,10.721814114093963
16-03-2011 12:00,75.33262236530103
04-06-2011 23:00,138.47961043557856
15-11-2012 08:00,378.76011957031585
18-10-2011 01:00,6.890276463230979
03-10-2012 3:00,7.87633108091905
14-12-2012 06:00,101.24572997572716
14-09-2011 19:00,393.44552545649515
08-07-2012 9:00,155.1285235264458
02-03-2011 19:00,188.0912450214817
19-08-2012 14:00,322.0620600105962
16-03-2011 08:00,118.69412077126812
06-12-2011 7:00,113.431007676006
05-01-2011 20:00,91.10809788748851
11-11-2011 21:00,68.44197060546557
14-11-2012 12:00,223.19570184179423
03-12-2012 11:00,308.83777173686616
19-03-2012 18:00,670.4625689617037
19-10-2011 15:00,69.50599112073708
15-09-2012 06:00,37.187772574500556
05-04-2011 12:00,75.063076808526
05-10-2011 22:00,112.03458424548133
14-03-2011 22:00,39.33580095808298
17-05-2012 17:00,653.8649685731224
16-03-2012 20:00,374.010033495161
07-06-2012 11:00,326.4540254173431
07-09-2011 22:00,45.40200779837111
08-01-2011 22:00,25.520664439538212
17-04-2011 03:00,10.032264695967962
18-05-2012 05:00,52.83516393159107
17-12-2011 03:00,10.81559346061243
01-10-2012 7:00,268.0717738629501
02-12-2012 15:00,469.7557849289279
19-12-2011 09:00,247.0651976046086
07-01-2012 0:00,108.64997068926624
16-12-2012 14:00,441.12078016084496
06-10-2012 22:00,198.92258498164264
13-02-2011 13:00,152.82967911466773
08-11-2011 6:00,72.00380575002067
19-06-2011 17:00,327.5348999451234
01-10-2012 7:00,264.6082881002936
07-08-2011 20:00,156.85827385904838
10-11-2011 23:00,68.34275635154586
03-07-2011 18:00,222.02282165678253
19-05-2012 16:00,581.1597463622228
17-11-2012 12:00,694.0543826876059
07-09-2012 22:00,194.30335624566118
16-04-2012 01:00,36.17858485599116
17-12-2012 10:00,389.3070349740974
03-08-2012 13:00,215.23680380844382
04-02-2012 12:00,289.5525593387646
16-01-2012 04:00,4.143568018005333
10-08-2011 3:00,7.624500034894316
05-12-2011 0:00,25.85793286698427
01-02-2012 19:00,498.4511712923052
08-02-2011 16:00,95.652019574152
06-10-2012 0:00,235.31949474444
17-12-2011 23:00,57.689988101349634
05-08-2012 14:00,593.8421975886354
17-06-2012 07:00,61.069496738250955
05-07-2011 17:00,480.1350991272462
08-06-2011 8:00,231.93956780400697
10-11-2011 5:00,26.925142000322786
13-06-2012 14:00,246.4486012696937
04-08-2012 15:00,634.1784018132191
05-09-2012 17:00,577.4736427879488
03-06-2011 11:00,215.44692335586726
12-09-2011 0:00,27.330871020800874
10-08-2012 17:00,797.1777985119867
03-07-2011 20:00,133.45048083228968
19-04-2012 08:00,351.37903520406115
12-07-2012 7:00,281.1364786157598
05-03-2012 0:00,18.090914062588112
14-09-2012 20:00,591.6510745732795
05-01-2012 4:00,8.292261194128308
02-04-2012 17:00,528.306560518199
11-04-2011 4:00,6.8794789830001655
04-09-2012 10:00,367.5614295181408
13-08-2012 14:00,209.04536438083514
15-01-2012 15:00,185.34220563895587
16-10-2011 10:00,248.09793114296454
17-12-2012 13:00,183.43654694138627
02-01-2011 17:00,76.86959274877371
10-10-2012 1:00,11.173653098054508
13-09-2012 07:00,302.54710166344177
03-06-2012 16:00,546.9880834736754
07-12-2012 18:00,553.680649767305
06-04-2012 19:00,602.9509127786457
12-11-2011 15:00,343.74336839749947
06-10-2011 4:00,11.691415887496412
09-10-2012 23:00,90.43497371803883
12-04-2012 17:00,517.562876031124
15-04-2011 13:00,385.5785638689631
10-09-2011 3:00,13.062025399072198
17-04-2012 14:00,215.82588693034143
18-07-2012 07:00,225.1145870553391
08-03-2011 16:00,151.21518350745188
03-01-2012 7:00,119.5504069365347
02-10-2012 23:00,105.03442609873188
15-01-2011 07:00,9.85400692070473
10-02-2012 11:00,167.92508778994772
17-03-2011 10:00,147.2091388767072
11-01-2011 17:00,61.524685749540765
03-04-2011 8:00,44.068460481833554
08-09-2011 4:00,9.882546278759243
02-02-2012 17:00,382.66752508245725
11-10-2011 3:00,4.244253448278899
06-08-2011 20:00,177.44024944730282
05-02-2011 0:00,53.16595879589219
09-06-2012 10:00,456.5684423843886
18-07-2011 13:00,136.6396366130785
15-04-2011 21:00,62.18189415270879
14-05-2011 13:00,202.23055564500032
11-05-2011 20:00,271.6505989454964
13-11-2011 03:00,14.131892766390223
07-10-2012 14:00,550.106078811621
14-04-2012 09:00,231.1660858095787
17-01-2012 19:00,306.11517037055444
01-08-2011 11:00,157.00639757262232
11-02-2011 12:00,65.64889178323864
02-08-2012 5:00,50.39545775662056
10-12-2011 2:00,21.460410734752074
05-01-2011 19:00,141.43957021767724
01-06-2011 10:00,212.70957247397405
18-04-2011 15:00,177.38698575937144
15-03-2011 22:00,40.884643058518904
12-06-2012 15:00,130.14152133512246
04-04-2011 0:00,23.255921184271703
08-02-2011 3:00,1.5141671218405097
14-06-2012 15:00,345.61012528925403
14-07-2011 10:00,275.5900253245863
16-02-2011 09:00,144.85084971055855
12-07-2012 18:00,763.3900622435007
08-09-2012 0:00,173.14637765019293
09-11-2011 4:00,10.12797124577812
18-09-2011 20:00,171.98842311303116
03-10-2012 20:00,632.920094188576
11-04-2011 10:00,180.8397862486327
17-03-2012 04:00,12.493364137759766
12-07-2012 3:00,10.258136618486656
10-12-2012 10:00,367.7190900397902
10-11-2011 19:00,282.7745723497346
08-09-2012 3:00,22.444621125715535
08-09-2011 3:00,3.2589703867890982
15-06-2011 15:00,209.42104974468128
04-06-2011 13:00,491.93578925679543
06-05-2011 12:00,186.98107556372912
16-10-2011 09:00,140.2517999612816
18-06-2011 11:00,387.111083332116
15-05-2011 13:00,435.2167971558523
05-01-2012 11:00,186.75745405697015
05-08-2011 3:00,7.947698048727913
05-12-2012 10:00,364.70272536042114
02-03-2012 20:00,215.42736930251397
09-11-2012 17:00,598.5710643676177
15-03-2011 02:00,1.7341445871667007
07-06-2012 21:00,329.3926857421529
09-06-2012 22:00,296.8339590322961
01-04-2011 12:00,86.27312638853073
17-06-2012 02:00,45.25319926396536
18-03-2012 11:00,328.9242676760424
03-01-2011 7:00,68.32073650409312
03-06-2012 22:00,163.035729743873
04-05-2011 11:00,128.9366916619569
03-06-2012 10:00,381.21294235762895
10-07-2011 5:00,16.950988204959394
12-04-2011 2:00,3.644747691261143
01-08-2012 0:00,52.53779217596876
03-04-2012 2:00,3.9673566067427632
03-05-2011 8:00,214.8928431490829
17-05-2011 13:00,98.90140749478543
19-11-2011 01:00,32.56186978125218
14-02-2011 11:00,87.07524837999084
05-06-2011 16:00,371.38509753441105
01-11-2011 6:00,62.62407066825414
09-06-2011 2:00,5.033091403444261
04-01-2012 18:00,251.5242976338387
09-05-2011 5:00,30.257141172173764
06-11-2012 4:00,12.006920466106644
04-12-2012 7:00,188.38862860136186
12-01-2012 21:00,178.16831000976921
18-04-2012 14:00,80.7199758290968
12-12-2012 22:00,96.94599525272727
01-08-2012 14:00,242.65844619036383
08-06-2012 20:00,555.865787469704
05-09-2011 5:00,11.650794218485288
12-03-2012 15:00,260.48385728014944
11-11-2011 3:00,6.721559950249352
16-02-2012 00:00,22.785968862965067
11-12-2012 0:00,32.75449353938624
06-05-2011 11:00,220.1315065881579
18-08-2012 09:00,240.51699376221072
13-09-2012 09:00,558.7184549208206
16-09-2012 05:00,25.071323927254767
03-01-2012 18:00,200.09040518644434
03-04-2011 10:00,147.93930250786968
19-10-2011 17:00,175.9650967604825
07-08-2011 11:00,268.0389906230096
09-12-2011 2:00,4.870391533448972
15-09-2011 02:00,6.188299570003705
15-09-2012 23:00,216.87683584023307
07-03-2011 15:00,87.30052278700421
16-11-2011 15:00,71.62568945462002
02-02-2012 11:00,123.15742073500022
09-10-2011 9:00,145.7335638626895
07-11-2012 5:00,31.703833477751502
16-12-2011 05:00,25.478520483280768
14-01-2011 23:00,22.108036451572648
19-02-2011 09:00,41.80635386040796
17-03-2012 05:00,13.053234560312292
